-- phpMyAdmin SQL Dump
-- version 4.0.10deb1
-- http://www.phpmyadmin.net
--
-- Host: localhost
-- Generation Time: Apr 25, 2015 at 06:00 PM
-- Server version: 5.5.43-0ubuntu0.14.04.1
-- PHP Version: 5.5.23-1+deb.sury.org~trusty+2

SET SQL_MODE = "NO_AUTO_VALUE_ON_ZERO";


/*!40101 SET @OLD_CHARACTER_SET_CLIENT=@@CHARACTER_SET_CLIENT */;
/*!40101 SET @OLD_CHARACTER_SET_RESULTS=@@CHARACTER_SET_RESULTS */;
/*!40101 SET @OLD_COLLATION_CONNECTION=@@COLLATION_CONNECTION */;
/*!40101 SET NAMES utf8 */;

--
-- Database: `roomres`
--
CREATE DATABASE IF NOT EXISTS `roomres` DEFAULT CHARACTER SET latin1 COLLATE latin1_swedish_ci;
USE `roomres`;

-- --------------------------------------------------------

--
-- Table structure for table `4v41l`
--

DROP TABLE IF EXISTS `4v41l`;
CREATE TABLE IF NOT EXISTS `4v41l` (
  `id` int(1) NOT NULL,
  `stat` int(1) NOT NULL,
  `img` varchar(100) NOT NULL,
  UNIQUE KEY `avail` (`stat`,`img`),
  KEY `id` (`id`)
) ENGINE=InnoDB DEFAULT CHARSET=latin1;

--
-- Truncate table before insert `4v41l`
--

TRUNCATE TABLE `4v41l`;
--
-- Dumping data for table `4v41l`
--

INSERT INTO `4v41l` (`id`, `stat`, `img`) VALUES
(0, 1, 'on.png');

-- --------------------------------------------------------

--
-- Table structure for table `activity`
--

DROP TABLE IF EXISTS `activity`;
CREATE TABLE IF NOT EXISTS `activity` (
  `id` int(255) NOT NULL AUTO_INCREMENT,
  `s_id` varchar(20) NOT NULL,
  `rnum` int(255) NOT NULL,
  `trim` int(255) NOT NULL,
  `authby` int(255) NOT NULL,
  `residence` int(255) NOT NULL,
  PRIMARY KEY (`id`)
) ENGINE=InnoDB  DEFAULT CHARSET=latin1 AUTO_INCREMENT=114 ;

--
-- Truncate table before insert `activity`
--

TRUNCATE TABLE `activity`;
--
-- Dumping data for table `activity`
--

INSERT INTO `activity` (`id`, `s_id`, `rnum`, `trim`, `authby`, `residence`) VALUES
(1, 'SAKIFR0931', 222, 0, 1, 2),
(2, 'SAKIFR0931', 222, 1, 1, 2),
(3, 'skamia1321', 251, 1, 1, 2),
(4, 'skamia1321', 222, 1, 1, 2),
(5, 'SKAMIA1321', 251, 1, 1, 2),
(6, 'SSAIMP1121', 136, 1, 1, 2),
(7, 'SKITAZ1411', 129, 1, 1, 2),
(8, 'SNGOME1331', 316, 1, 1, 1),
(9, 'SKORAN1411', 316, 1, 1, 1),
(10, 'SNDEEM1411', 220, 1, 1, 1),
(11, 'SORIDA1411', 220, 1, 1, 1),
(12, 'SMUTMO1411', 316, 1, 1, 1),
(13, 'SOPIDA1311', 305, 1, 1, 1),
(14, 'SMAKBR1411', 316, 1, 1, 1),
(15, 'skamia1321', 251, 1, 1, 2),
(16, 'SYOGEL1411', 219, 1, 1, 1),
(17, 'SKIBPA1221', 143, 1, 1, 2),
(18, 'SAWOAM12I1', 141, 1, 1, 2),
(19, 'SOURBR1411', 207, 1, 1, 1),
(20, 'STORBO1221', 305, 1, 1, 1),
(21, 'SOTIAD1411', 207, 1, 1, 1),
(22, 'SMUGJO1321', 128, 1, 1, 2),
(23, 'SNALDA1331', 202, 1, 1, 1),
(24, 'SNYIFE1211', 325, 1, 1, 1),
(25, 'SCHIAA11I1', 325, 1, 1, 1),
(26, 'SARARO1221', 141, 1, 1, 2),
(27, 'SRONEM1221', 324, 1, 1, 1),
(28, 'SLEITI1211', 321, 1, 1, 1),
(29, 'SAENST1331', 213, 1, 1, 1),
(30, 'SKAMEP12I1', 325, 1, 1, 1),
(31, 'SMATMA1421', 206, 1, 1, 1),
(32, 'SALEGO1021', 217, 1, 1, 1),
(33, 'SMULEZ1321', 213, 1, 1, 1),
(34, 'SOBIEU1321', 213, 1, 1, 1),
(35, 'SKIRJO1331', 203, 1, 1, 1),
(36, 'SAMAST1331', 242, 1, 1, 2),
(37, 'SJEGWI1411', 242, 1, 1, 2),
(38, 'SNUHSA1421', 242, 1, 1, 2),
(39, 'SMUTRO1211', 141, 1, 1, 2),
(40, 'SMAGJO1411', 219, 1, 1, 1),
(41, 'SMURJO1211', 311, 1, 1, 1),
(42, 'SNANGI1221', 143, 1, 1, 2),
(43, 'SMFUHE0931', 306, 1, 1, 1),
(44, 'SMWAWA1031', 232, 1, 1, 2),
(45, 'sbasem1321', 75, 1, 1, 4),
(46, 'sbasem1321', 87, 1, 1, 4),
(47, 'SONYDO1221', 107, 1, 1, 4),
(48, 'SGICDI1031', 107, 1, 1, 4),
(49, 'SKIBCO1221', 318, 1, 1, 1),
(50, 'SOGECH0931', 11, 1, 1, 3),
(51, 'SNGOLY1221', 53, 1, 1, 4),
(52, 'SBANTA1121', 104, 1, 1, 4),
(53, 'SBUNOB1221', 318, 1, 1, 1),
(54, 'SOGWRE12I1', 105, 1, 1, 4),
(55, 'SOGWJO12I1', 105, 1, 1, 4),
(56, 'SKOUMI1321', 6, 1, 1, 3),
(57, 'SEKUNA1311', 94, 1, 1, 4),
(58, 'SKAHLE1311', 14, 1, 1, 4),
(59, 'SBUNRA1421', 66, 1, 1, 4),
(60, 'skamia1321', 129, 1, 1, 2),
(61, 'skamia1321', 251, 1, 1, 2),
(62, 'SBAREM1211', 98, 1, 1, 4),
(63, 'SOMBFE1221', 143, 1, 1, 2),
(64, 'SOMBLO1031', 16, 1, 1, 4),
(65, 'SYONSY1221', 10, 1, 1, 3),
(66, 'SWAISA1121', 41, 1, 1, 4),
(67, 'SRYARE1211', 13, 1, 1, 4),
(68, 'SMUNMI1221', 97, 1, 1, 4),
(69, 'SMECBR1311', 142, 1, 1, 2),
(70, 'SMUUMI1311', 3, 1, 1, 3),
(71, 'SGWAEM1031', 13, 1, 1, 4),
(77, 'skamia1321', 251, 2, 1, 0),
(78, 'skamia1321', 251, 2, 1, 0),
(79, 'skamia1321', 251, 2, 1, 2),
(80, 'skamia1321', 251, 2, 1, 2),
(81, 'SLONME1411', 228, 2, 1, 2),
(82, 'SKUMSO0911', 236, 2, 1, 2),
(83, 'SMSOCH0941', 236, 2, 1, 2),
(84, 'SLANJA1111', 248, 2, 1, 2),
(85, 'SHAMLU0921', 204, 2, 1, 1),
(86, 'SKITEM1211', 227, 2, 1, 2),
(87, 'SCHILU1011', 236, 2, 1, 2),
(88, 'SOTIAD1411', 245, 2, 1, 2),
(89, 'SANZRE1211', 235, 2, 1, 2),
(90, 'SMURGR1221', 19, 2, 1, 4),
(91, 'SBIIRE1321', 28, 2, 1, 4),
(92, 'SMATSY1221', 56, 2, 1, 4),
(93, 'SYONSY1221', 10, 2, 1, 3),
(94, 'SKARJU1211', 95, 2, 1, 4),
(95, 'SKAMSU1211', 1, 2, 1, 3),
(96, 'SKAUPR1111', 344, 2, 1, 2),
(97, 'SBANTA1121', 104, 2, 1, 4),
(98, 'SMBALI12I1', 25, 2, 1, 4),
(99, 'SMASBU1321', 244, 2, 1, 2),
(100, 'SMUGEB1211', 231, 2, 1, 2),
(101, 'SMULAB1111', 328, 2, 1, 2),
(102, 'SKILIB1331', 301, 2, 1, 1),
(103, 'SORADA1331', 223, 2, 1, 2),
(104, 'SNYAGE1211', 229, 2, 1, 2),
(105, 'SNICME1431', 17, 2, 1, 3),
(106, 'SODUAN1221', 22, 2, 1, 3),
(107, 'skamia1321', 251, 3, 1, 2),
(108, 'SOTIAD1411', 245, 3, 1, 2),
(109, 'skamia1321', 130, 3, 1, 2),
(110, 'skamia1321', 251, 3, 1, 2),
(111, 'skamia1321', 130, 3, 1, 2),
(112, 'skamia1321', 85, 3, 1, 6),
(113, 'skamia1321', 251, 3, 1, 2);

-- --------------------------------------------------------

--
-- Table structure for table `admin`
--

DROP TABLE IF EXISTS `admin`;
CREATE TABLE IF NOT EXISTS `admin` (
  `id` int(255) NOT NULL AUTO_INCREMENT,
  `name` varchar(50) NOT NULL,
  `a_idnum` varchar(20) NOT NULL,
  `email` varchar(30) NOT NULL,
  `auto_aproove` int(1) NOT NULL,
  `paski` varchar(255) NOT NULL,
  `gender` varchar(1) NOT NULL COMMENT 'm/f/a',
  PRIMARY KEY (`id`),
  UNIQUE KEY `a_idnum` (`a_idnum`)
) ENGINE=InnoDB  DEFAULT CHARSET=latin1 AUTO_INCREMENT=5 ;

--
-- Truncate table before insert `admin`
--

TRUNCATE TABLE `admin`;
--
-- Dumping data for table `admin`
--

INSERT INTO `admin` (`id`, `name`, `a_idnum`, `email`, `auto_aproove`, `paski`, `gender`) VALUES
(1, 'Mens Dorm Main Admin', 'mugekewilfred', 'wmmugeke@gmail.com', 1, 'eWyUdamzr6U=', 'm'),
(2, 'Ladies Dorm Main Admin', 'awooms0010', 'jtnjine@yahoo.com', 1, 'uJTUr5Gx', 'f'),
(3, 'Mixed Residence Main Admin', 'alalal0011', 'ianmin2@ueab.ac.ke', 1, 'sZTNsJm8gGZ3bA==', 'a'),
(4, 'Technical Admin', 'connect_all', 'roomres@ueab.ac.ke', 0, 'emOUeGGEfmR4d1Q=', 'a');

-- --------------------------------------------------------

--
-- Table structure for table `keys`
--

DROP TABLE IF EXISTS `keys`;
CREATE TABLE IF NOT EXISTS `keys` (
  `id` int(255) NOT NULL AUTO_INCREMENT,
  `s_idnum` int(255) NOT NULL,
  `room` int(255) NOT NULL,
  `residence` int(255) NOT NULL,
  `day_in` varchar(100) NOT NULL,
  `day_out` int(100) NOT NULL,
  `trimester` int(255) NOT NULL,
  PRIMARY KEY (`id`)
) ENGINE=InnoDB DEFAULT CHARSET=latin1 AUTO_INCREMENT=1 ;

--
-- Truncate table before insert `keys`
--

TRUNCATE TABLE `keys`;
-- --------------------------------------------------------

--
-- Table structure for table `reservants`
--

DROP TABLE IF EXISTS `reservants`;
CREATE TABLE IF NOT EXISTS `reservants` (
  `id` int(255) NOT NULL AUTO_INCREMENT,
  `name` varchar(50) NOT NULL,
  `s_idnum` varchar(25) NOT NULL,
  `email` varchar(30) NOT NULL,
  `rnum` int(255) NOT NULL,
  `tel` varchar(15) NOT NULL,
  `passwd` varchar(255) NOT NULL,
  `gender` varchar(1) NOT NULL,
  `reckey` varchar(255) NOT NULL,
  `actif` int(1) NOT NULL,
  `res` int(255) NOT NULL,
  `reg` int(1) NOT NULL,
  PRIMARY KEY (`id`),
  UNIQUE KEY `s_idnum` (`s_idnum`),
  UNIQUE KEY `s_idnum_2` (`s_idnum`),
  UNIQUE KEY `email` (`email`)
) ENGINE=InnoDB  DEFAULT CHARSET=latin1 AUTO_INCREMENT=192 ;

--
-- Truncate table before insert `reservants`
--

TRUNCATE TABLE `reservants`;
--
-- Dumping data for table `reservants`
--

INSERT INTO `reservants` (`id`, `name`, `s_idnum`, `email`, `rnum`, `tel`, `passwd`, `gender`, `reckey`, `actif`, `res`, `reg`) VALUES
(1, 'Ian Innocent Mbae', 'SKAMIA1321', 'ianmin2@live.com', 0, '+254725678447', 'emOUeGGEfmR4', 'm', '744301f773e6415f9be666ee565e3a58', 0, 0, 1),
(2, 'Tamanda', 'SBANTA1121', 'tammiebanda@yahoo.com', 0, '0729170432', 'eWWSd2U=', 'f', 'c9f3842c645715f02e7b29e1fb66404c', 1, 0, 1),
(3, 'MPHATSO MARK SAIWA', 'SSAIMP1121', 'marksaiwa58@gmail.com', 0, '0717775383', 'eWWSd2WEhWs=', 'm', '85be496634146ec5adb3e9b7f5dbdefb', 1, 0, 1),
(4, 'Azariah Kiprop Kitur', 'SKITAZ1411', 'azachkip@gmail.com', 0, '0716041323', 'f2mUd2OAfw==', 'm', '860e76d9ec9c1019a7e3d98a0ae28cba', 1, 0, 1),
(5, 'AKILIMALI FRANCIS MAPENZI', 'SAKIFR0931', 'francmape@gmail.com', 0, '0722743354', 'iX6oj3mbj3+M', 'm', 'a05bdb18e6c556a7f80e6cc175c233e1', 1, 0, 1),
(6, 'Test User 101', 'SKAMIA1320', 'roomres@ueab.ac.ke', 0, '+254725678', 'uqLOsKKzwQ==', 'm', '744301f773e6415f9be666ee565e3a58', 1, 0, 1),
(7, 'MIRIAM GABULA', 'SGABMI1331', 'mgabula@rocketmail.com', 0, '0706323626', 'u6rIp2J+f2U=', 'f', '4bc2d8c464089e81a6cff1af998a09c1', 1, 0, 1),
(8, 'MELVIN NGOTHO', 'SNGOME1331', 'melvong@yahoo.com', 0, '0729520367', 'lny1j3Wb', 'm', '3658d17b8141da47af8ff43a97722f4a', 1, 0, 1),
(9, 'KORIR ANDERSON KIPYATOR', 'SKORAN1411', 'andersonkorir7@gmail.com', 0, '0723630412', 'e2mUeGmC', 'm', '787baf2e826069501c6c8fee11647b6b', 1, 0, 1),
(10, 'GEOFFREY KARIUKI NJAGI', 'SNJAGE1321', 'jeffandreyas@gmail.com', 0, '0727859123', 'eWyYdn5/gw==', 'm', '6987c8923db9a6ca6878900acc5f9094', 1, 0, 1),
(11, 'DAVIS ORINA NYAKUNDI', 'SORIDA1411', 'manuamrk04@gmail.com', 0, '0712329205', 'eWePdGI=', 'm', '768b508e3a22969a5af7af8a547df813', 1, 0, 1),
(13, 'emmanuel rioba ndege', 'SNDEEM1411', 'immanuelndege@gmail.com', 0, '0704382063', 'tZTNuJ2vwJ4=', 'm', 'a7a6e0957a7e3989bd38a7976b7e6452', 1, 0, 1),
(14, 'Job Ben Magoma', 'SMAGJO1411', 'jobsulus@gmail.com', 0, '0702840996', 'tZrMs5yvvJi3', 'm', '0ff1bc4e160cf30e30b14717e28d5fd7', 1, 0, 1),
(15, 'John Faustin Lukinda', 'SLUKJO1421', 'joelukinda@yahoco.uk', 0, '+254728353484', 'nJTKqHOvwJh8aA==', 'm', 'b8c5bc520cdc38f44667d96cc949f2b2', 1, 0, 1),
(17, 'Amos Awoniyi', 'SAWOAM12I1', 'amosadeawo@gmail.com', 0, '0708102567', 'vKLLuJy9vpg=', 'm', 'bd6af1d827d483f1c032b36ce87f06d4', 1, 0, 1),
(18, 'MORRIS MWENDWA MUTUNGA', 'SMUTMO1411', 'mwendwamorris12@gmail.com', 0, '0725767475', 'u5zRtZ+7u6qopZWnrw==', 'm', 'd3e3cf16875bf02aa5e1d9f03afc2e5b', 1, 0, 1),
(19, 'Daniel Opinile Mark', 'SOPIDA1311', 'danielmarkigga@googlemail.com', 0, '+254701307442', 'rJTNrGKA', 'm', '4f4e52d87608844ebc1068aaa4179238', 1, 0, 1),
(20, 'BRIAN MAKORI', 'SMAKBR1411', 'makoribrianjnr@gmail.com', 0, '0707332718', 'eGqPemOBgGp0bw==', 'm', '5dc3408c42c5de740a9c614dfe4e6aca', 1, 0, 1),
(21, 'Chol Justin Weah', 'SCHOJU1411', 'choljustin@yahoo.com', 0, '0717357808', 'q5vOr2WDg2g=', 'm', 'fafb3e34e7170f324c5ec43662df026f', 1, 0, 1),
(22, 'OURU BRIAN ONGO', 'SOURBR1411', 'brayodemax@gmail.com', 0, '0711908449', 'fmiPdmaBgGY=', 'm', '4ffbace582cb4a41c3babfe3d5cdc8b3', 1, 0, 1),
(23, 'ogeith Daniel Ogwok ', 'SOGWOG12I1', 'ogeithdaneil@yahoo.com', 0, '0707869949', 'eGOQdWOC', 'm', '34937f318e4e2f0f1bd2a33056e08cf7', 1, 0, 1),
(25, 'ELIJAH WOGHA YOGA', 'SYOGEL1411', 'elwogha@yahoo.com', 0, '254701535683', 'v6LGq5E=', 'm', 'a2ed28afcb950171b9421e4d0da7fd80', 1, 0, 1),
(26, 'Paul Njooro Kibiru', 'SKIBPA1221', 'njooropaul@gmail.com', 0, '0724266726', 'fWSQeGSDfmw=', 'm', 'b7ff1fd6d0d4376b63eec15697e3aa6e', 1, 0, 1),
(27, 'Ronald Arara', 'SARARO1221', 'ronaldarara@gmail.com', 0, '0714380306', 't6fWqJy9fw==', 'm', 'f1569058f5876d8f5428154943d7096f', 1, 0, 1),
(28, 'BOAZ KIPROTICH TORMOI', 'STORBO1221', 'boazkipro93@gmail.com', 0, '0722568255', 'mnilkoKbj4eMhn8=', 'm', '2fffcb8454a605c0371d3ebf8e9abdd3', 1, 0, 1),
(29, 'ADRIAN DUANE OTIENO', 'SOTIAD1411', 'aduane95@yahoo.com', 0, '+254715236100', 'fGSWe2mHj3eSpA==', 'm', '9f3dc60436272409746115a809d90784', 1, 0, 1),
(30, 'VICTOR MWENDA KIAMBATI', 'SKIAVI 1411', 'mwendavi90@gmail.com', 0, '0702176366', 'n3y5jnmPm3WEi3o=', 'm', 'f76ea1c5243bb2d52f52263620cf319f', 1, 0, 1),
(31, 'Mugula Jonathan Zihalirwa', 'SMUGJO1321', 'joemzih23@gmail.com', 0, '0700101108', 'sqDZc2KB', 'm', 'ef6905976be2a74f1b489a0db9be9208', 1, 0, 1),
(32, 'Nalianya Wanjala David', 'SNALDA1331', 'nalianyad@gmail.com', 0, '0702261317', 'tajLpKS3gGN0aw==', 'm', 'c797c9a834d0c00780cc3cc53c57922e', 1, 0, 1),
(33, 'FELIX ELLIJA NYIRENDA', 'SNYIFE1211', 'nyirendaf98@gmail.com', 0, '254724994693', 'i3uokHGal4WS', 'm', '25d2b91eb89be5945fec108146b3db3d', 1, 0, 1),
(34, 'YOTAM AARON CHITAYA', 'SCHIAA11I1', 'achitaya@yahoo.com', 0, '0718555382', 'm6jNp6XIr5Q=', 'm', '52b2a02f7fdf829b6834fc1a0fdb14cd', 1, 0, 1),
(35, 'EMMANUEL K. RONOH', 'SRONEM1221', 'manuhalsey@yahoo.com', 0, '0714913862', 'qqjLr2KBgg==', 'm', 'c702d56b403b1eaafd017b29e5b80798', 1, 0, 1),
(36, 'LEI TIMOTHY NKURE', 'SLEITI1211', 'leitimon@gmail.com', 0, '+254700306565', 'e2OQdmGBhGg=', 'm', 'c2f463cfff99108bd3ec9985a144f633', 1, 0, 1),
(37, 'Mutuma Robert', 'SMUTRO12I1', ' mutumarobert@gmail.com', 0, '0705812310', 'eWWSd2U=', 'm', '888108a820078f27d1eb812693813572', 1, 0, 1),
(39, 'EPHRAIM KAMUYAMBENI JAZIEL', 'SKAMEP12I1', 'ephraimkamuyambeni@gmail.com', 0, '0713063325', 'raPHtZG3u52u', 'm', 'af38c64397a7a8bf28ab78a9e6e73d4d', 1, 0, 1),
(40, 'STORM AENCHA OMWANSA', 'SAENST1331', 'stormaencha@yahoo.com', 0, '0715236151', 'fmmTmmGChISc', 'm', '988be790504799eaca05d2d07c9d9720', 1, 0, 1),
(41, 'Malcolm Mathangani', 'SMATMA1421', 'mathanganimalcolm@gmail.com', 0, '0725152711', 'tpTTpKO2rw==', 'm', 'ca539f4e2cd63246a853bf6ec8eaaf0d', 1, 0, 1),
(42, 'LASITI TERTA TIMOTHY', 'STERTI1211', 'lasiti92@gmail.com', 0, '0715697314', 'nHyskoSWpw==', 'm', '95f6422c2d5b8638bc9bcc2fb42bc3c6', 1, 0, 1),
(43, 'SINKO GIDEON LEPARAN', 'SSINGI1331', 'sinko.gideon@yahoo.com', 0, '254725661672', 'lHivhIKPnA==', 'm', '876ff5cd5a19340c025a3b3ec840294b', 1, 0, 1),
(45, 'GODFREY RICHARD ALEMBI', 'SALEGO1021', 'g_alembi@yahoo.com', 0, '0788375704', 'gGePk2mBh3yJ', 'm', 'd350fd0935dc1bf26aeae1449d998ad5', 1, 0, 1),
(46, 'EUGENE OBINY', 'SOBIEU1321', 'obinyeugene@gmail.com', 0, '0700028617', 'ranIuZXAx5Sn', 'm', '707c2c3193ba14a267b09c1cb832a954', 1, 0, 1),
(47, 'MULWALE EZEKIEL', 'SMULEZ1321', 'ezekielmulwale@gmail.com', 0, '0715905407', 'tpTTpKO2r6V0cGpl', 'm', '31d98d9eea6c90ca4aa1ccc4aa017776', 1, 0, 1),
(48, 'KIREMBEKA JOHNPAUL', 'SKIRJO1331', 'jpkire9966@gmail.com', 0, '0706323477', 'u57ItZq9f2Z2aHE=', 'm', 'c6e5bbcf7f742c40aa7d8f1afc1d4781', 1, 0, 1),
(49, 'nuhu hoode sani', 'SNUHSA1421', 'hudzsmalz@gmail.com', 0, '0706277065', 'tqjHuHDBr6Gs', 'm', '1bc37c60d6feee3b76f0a92e59e378a3', 1, 0, 1),
(50, 'AMASA STANLEY SHAMMOH', 'SAMAST1331', 'amazinshammy@gmail.com', 0, '0712843454', 'rJTNraW7rw==', 'm', 'aacb2f9cbd561c9f0babdf51edda1c17', 1, 0, 1),
(51, 'JEGEDE AYOOLUWA', 'SJEGWI1411', 'williamsjegus@yahoo.com', 0, '0706723603', 'qZfEtp+4tw==', 'm', 'a80d52eb526c82659908a4da6a2fce49', 1, 0, 1),
(53, 'Mutuma Robert', 'SMUTRO1211', 'robertloom@gmail.com', 0, '070581231', 'eWWSd2U=', 'm', '888108a820078f27d1eb812693813572', 1, 0, 1),
(54, 'Murkomen Kiprop Joshua', 'SMURJO1211', 'joshnkln@gmail.com', 0, '0726613588', 'tajRrp+7s6E=', 'm', 'bd17c80117ff0533f78e398903fdfbb5', 1, 0, 1),
(55, 'maikuva masitsa felix', 'SMAIFE12I1', 'mmmaikuva@gmail.com', 0, '0721351293', 'fWSUemGA', 'm', '74ff64387b18bba243ebfa095e300144', 1, 0, 1),
(56, 'GIDEON OMUKUBA NANDWA', 'SNANGI1221', 'nandwagideon@gmail.com', 0, '0719841598', 'tpTNp6ev', 'm', '53e31b4d2c81d21cea0a3df501ec7bd1', 1, 0, 1),
(57, 'Christian John Paresso', 'SPARCH1411', 'christianparesso@gmail.com2', 0, '0716905182', 'emaQhWWHnnw=', 'm', '5d01573b2d42435a954ab3667c8700af', 1, 0, 1),
(58, 'HENRY L. MFUNGWE', 'SMFUHE0931', 'henzmfungwe@gmail.com', 0, '+254707737194', 'lXStj4WhmYI=', 'm', '088e55fbe1371da546cf4332af76ae6a', 1, 0, 1),
(59, 'Sammy n', 'SNJOSA1211', 'sammy-njoroge@hotmail.com', 0, '0721733718', 'u5jVqJ5/f2R0', 'm', '4fe32f30882e22324907a9e7de9b0ce8', 1, 0, 1),
(62, 'OMWANDO N. ANTONY', 'SOMWAN0921', 'antonyomwando@gmail.com', 0, '254729151122', 'eWWSd2WE', 'm', 'e066db599a4a4970313191814ae8db3a', 1, 0, 1),
(63, 'Diana Njambi Gicheru', 'SGICDI1031', 'gicherudiana@gmail.com', 0, '0725872679', 'tp3AsJK3tZymn5aiww==', 'f', 'c6aec62d6ea33ee96cf36ba87d5a8813', 1, 0, 1),
(64, 'Tony Junior Kamanga', 'SKAMTO1211', 'tonyjnrkamanga@yahoo.com', 0, '0706697485', 'qaDAt6Kvvqa3mKNhhg==', 'm', '2aecead25afaf23e9fb93e85b2926034', 1, 0, 1),
(65, 'Wangai Mwaniki Ngugi', 'SMWAWA1031', 'cmb_wangai@yahoo.com', 0, '+254727493224', 'v5TNqpG3h2l0aWQ=', 'm', '91ba5643b3f54874cff48568a1ac00db', 1, 0, 1),
(68, 'Bashwira Iragi Emmanuella', 'SBASEM1321', 'emma.iragi@gmail.com', 0, '0715068244', 'u5XAtpW7f2Z1aA==', 'f', 'e93ae10c60e74da09a01515226edf727', 0, 0, 1),
(69, 'Dora Kemuma Onyancha', 'SONYDO1221', 'doraonyancha@yahoo.com', 0, '0711303417', 'eWWSd2U=', 'f', '38017c3c60010640820701f2ee5078f5', 1, 0, 1),
(70, 'Lucy Waithera Njuguna', 'SNJULU0941', 'lucystephaniew@yahoo.com', 0, '0728610880', 'tKjCvKPCs6OrmJ+Zsw==', 'f', '5944aeb01cddbeba49bc0a244010c794', 1, 0, 1),
(71, 'Mecha Brian Moitui', 'SMECBR1311', 'brianmecha@gmail.com', 0, '0708403622', 'emOTemd/', 'm', 'd458e3aae4cbaafc55154d082b676e82', 1, 0, 1),
(74, 'MIRRABELLE MUTINTA NGANDU', 'SNGAMU12I1', 'titiezmirabelle@yahoo.com', 0, '0717868753', 'uKXIsZOzuJS8', 'f', '788d9d8a38cc3471515e66cab2b723e3', 1, 0, 1),
(79, 'KIBET COLLINS', 'SKIBCO1221', 'collinskibet9@gmail.com', 0, '0714983110', 'q5vUsJKv', 'm', '89db9c33ddba6824a830faa623c78774', 1, 0, 1),
(80, 'Ekula nahomie', 'SEKUNA1311', 'nella.ekula@gmail.com', 0, '0729769456', 'eWePfGGHh2g=', 'f', 'c1bb25243583d356f78b09ac3cc91a8b', 1, 0, 1),
(81, 'CHRISTINE NYATICHI OGEGA', 'SOGECH0931', 'nyatichi_christine@yahoo.com', 0, '0705956546', 'loygjnWgj4WMhg==', 'f', '0c1f881c5b78fbcb1b1358a920435734', 1, 0, 1),
(82, 'Lydia Chiseche Ngoma', 'SNGOLY1221', 'lydiangoma@gmail.com', 0, '+254729847386', 'r5TGpGCHwZSnnZKTsw==', 'f', 'e55c0ad69ec7666c3cc294797ed1e552', 1, 0, 1),
(83, 'BETSY JEBIWOTT KOECH', 'SKOEBE1421', 'betsyjkoech@gmail.com', 0, '0714099294', 'u6LGsp29', 'f', '462de68442a85e04a9834c484c5fa943', 1, 0, 1),
(92, 'BUNDI OBED MOGESI', 'SBUNOB1221', 'obedbun@gmail.com', 0, '0728061446', 'eGaPemGHh2U=', 'm', 'f905cb4020afbf0df21a52efd8ab391b', 1, 0, 1),
(93, 'REJOICE DANIEL OGWOK', 'SOGWRE12I1', 'rejoice1994@yahoo.com', 0, '0707159454', 'lXyyloKTmIKMenY=', 'f', '5163ffd1f94d2c745bf3bbe7f988f83d', 1, 0, 1),
(94, 'Josephine Daniel Ogwok', 'SOGWJO12I1', 'josie_dodo2008@yahoo.com', 0, '0708102569', 'eGqWemV+fg==', 'f', '9225ce9db81de4e3e62365bdd023a5c6', 1, 0, 1),
(95, 'elijah ndege onchwari', 'SONCEL1311', 'elionchwari@gmail.com', 0, '0713061856', 'sqLPr5XBwWR2aGI=', 'm', 'ef33fc4642e2db3a1d6aaf49eb6ee854', 1, 0, 1),
(96, 'Michaela Kouassi', 'SKOUMI1321', 'michaeladanielk@ymail.com', 0, '254715503424', 'emeVe2GHh2c=', 'f', '46b7dd6a4b6281ba208f741b9e652d48', 1, 0, 1),
(97, 'makani bungishabaku Rachel', 'SBUNRA1421', 'rachelkatho5@gmail.com', 0, '+254706309295', 'u5jRpKC2t6E=', 'f', 'd6a35a7f5df342b9bce3caa1e66f532f', 1, 0, 1),
(98, 'leya tshekanabo patience', 'SKAHLE1311', 'leahkahesha@yahoo.com', 0, '0704099871', 'u57Aq5yzf2Z0aA==', 'f', '74da9b244a43659160b082512ece2e0e', 1, 0, 1),
(99, 'DEBORAH ONGARO', 'SONGDE1121', 'debyongaro@gmail.com', 0, '0725918036', 'eWWSd2U=', 'f', '3c5a5507b62caf3d82bcc3754ef65fae', 1, 0, 1),
(100, 'BARASA EMILY BUKACHI', 'SBAREM1211', 'cantrellah@yahoo.com', 0, '0728796680', 'lXSxjHGcjw==', 'f', '9c11538e9c6cb3321f1a7f1cfdd4e613', 1, 0, 1),
(101, 'Anne Oruko', 'SORUAN1331', 'anneoruko4@gmail.com', 0, '0704301194', 'tZTRrJG8r6O4m6A=', 'f', 'a323b9bf26026e9a0f42d4f84d4fe1a1', 1, 0, 1),
(102, 'waiyaki sarah wangeci', 'SWAISA1121', 'sarahwaiyaki@gmail.com', 0, '0717182245', 'r5TTq5+8tw==', 'f', 'f58e860bd41c07324d351419a48db6ae', 1, 0, 1),
(103, 'ombati felix', 'SOMBFE1221', 'felixsoire@gmail.com', 0, '0719240522', 'fWeYc2E=', 'm', '0c0a293e7201b530e7ea64a462b71f8b', 1, 0, 1),
(104, 'OMBABA KERUBO LOICE', 'SOMBLO1031', 'loicekerubo@yahoo.com', 0, '0727799821', 't6DBpJKvfmw=', 'f', '8283274c60bd983d7be62772f92cf391', 1, 0, 1),
(105, 'Miyanda Munyinda', 'SMUNMI1221', 'samanthambendera@gmail.com', 0, '0705329111', 'tZzItpa3wqY=', 'f', '889c47af6c0a5b3de73296eb50567ef2', 1, 0, 1),
(106, 'Gwaro Kerubo Emily', 'SGWAEM1031', 'emilygwaro@gmail.com', 0, '0716710784', 's5zSrJfFrw==', 'f', 'e5d0587978b206486794262d0fee08b8', 1, 0, 1),
(107, 'JACOB S MBENDERA', 'SMBEJA1221', 'jaybmbendera@hotmail.com', 0, '0724972384', 'knS4sZ/Et5Q=', 'm', 'd34f0ff8a3667ec302e28126a4dfcd7c', 1, 0, 1),
(108, 'SILVIAH', 'SMATSY1221', 'SILVIAHMATARA@YAHOO.COM', 0, '0708300919', 'moKhjH6Pm3SKhn5x', 'f', 'ba602de2bbce953e13082f1fb3a1852b', 1, 0, 1),
(109, 'JENIFFER C MALINY', 'SMALJE1421', 'jeniffermaliny@gmail.com', 0, '0724582444', 'dmGpiH6XlHmIiV8=', 'f', '4ba82647b94387924bad1020d6424ba8', 1, 0, 1),
(110, 'LILIAN NAKAKAAWA', 'SNAKLI1321', 'liliannakakawa@gmail.com', 0, '0711668300', 'imOYeGGFf2g=', 'f', 'd1c41cd323e75e12bb4c4bfa74b829dc', 1, 0, 1),
(111, 'MWAIWAO SYLVIA YONASI', 'SYONSY1221', 'mwaiyonasi@yahoo.com', 0, '+254704100959', 'fWmUimF/foGZ', 'f', 'a8fc3e3ed749733c7bfe19e30a6dc539', 1, 0, 1),
(112, 'REBECCA', 'SRYARE1211', 'rryakitimbo@ymail.com', 0, '+254706741260', 'uqLBpJ61vQ==', 'f', 'e0018adfece503044496df58da8e488c', 1, 0, 1),
(114, 'suthar jigna dineshkumar', 'SSUTDI1221', 'SUTHAR.JIGNA@YAHOO.COM', 0, '+254706784777', 'knymnGGAgWd4', 'f', 'eaaf81ceab9ed786b5f2ff7b29258430', 1, 0, 1),
(115, 'girish vara madhvi', 'SGIRVA1411', 'madhvi.vara5@gmail.com', 0, '+254718005142', 'e2aSdmM=', 'f', 'b5f143ae6f10cd55476d462503177bf6', 1, 0, 1),
(116, 'khetia meera ashok', 'SKHEME1211', 'khetiam@ymail.com', 0, '+254707532363', 'fWeSdWE=', 'f', '08d97b4784c48be3f1f096c7c47b7233', 1, 0, 1),
(117, 'shah malvi rajesh', 'SSHAMA1331', 'malvishah28@gmail.com', 0, '+254787132845', 'inShnIOWj3Wc', 'f', 'a1029d9a281f3488a967221d6d913320', 1, 0, 1),
(118, 'suthar jayshree dineshkumar', 'SSUTJA1211', 'sutar.jayshree@yahoo.com', 0, '+254716852211', 'knS4dGKBgmg=', 'f', 'e7a5e1ff2ea3e478d37bd7a6e196dd5e', 1, 0, 1),
(119, 'Kiptarus Ruth Jerono', 'SKIPRU1331', 'kiptarusruth@gmail.com', 0, '0700513427', 'emOPpGmFf6a1', 'f', '90ca3e872b575daaea3f430e544a59d5', 1, 0, 1),
(121, 'bid khilna manish', 'SBIDKH1321', 'khilnabid09@yhaoo.com', 0, '+25473755500', 'emWRdWI=', 'f', '892e3ff7315d922014124198a61312e5', 1, 0, 1),
(122, 'GRACE NYAGAKI KABUI', 'SKABGR1332', 'nyagakig@gmail.com', 0, '0700721458', 'uJjNt5HCvaGsmqQ=', 'f', '55bf08bbaed6f8de96f95d80c2988b7e', 1, 0, 1),
(126, 'Michelle Marie Muula ', 'SMUUMI1311', 'moglymaria673@outlook.com', 0, '0718241114', 'eWWSd2WE', 'f', 'a66535b91fe2141117c0fb483c197138', 1, 0, 1),
(127, 'Wayne  Njoroge', 'SNJOWA1211', 'njorowayne@gmail.com', 0, '0711285732', 'qpjYsp6xs2V1', 'm', '5f05e4a58d58c1ee0a8aa3fc6799c042', 1, 0, 1),
(128, 'Emmanuel Chifamba', 'SCHIEM1321', 'youngamba@gmail.com', 0, '0701512976', 'tajDrKevsJ+sqqQ=', 'm', 'e8a5b2af7ef0afa7e858b2842e5c2ac1', 0, 0, 1),
(129, 'Mekebeb Milla Longa', 'SLONME1411', 'mekebeb1989@yahoo.com', 0, '0708649392', 'eGyRdGKBg2N3Zw==', 'm', 'c7508b3bf90e879fffce6b6afc9968db', 1, 0, 1),
(130, 'SOPANI CLEMENT KUMWENDA', 'SKUMSO0911', 'clementkumwenda@hotmail.com', 0, '0707127313', 'q5/EsJW8wmV1', 'm', '3f51f9d9085bda9448249ab41c9d5672', 1, 0, 1),
(131, 'CHIMWEMWE STEVE MSOWOYA', 'SMSOCH0941', 'msowoyachim@yahoo.co.uk', 0, '0710948040', 'eGqQc2mChmN3Zw==', 'm', '389847fc4efac62fb4aacc153cfa4ccc', 1, 0, 1),
(132, 'LANGAT JAPHET KIPKOECH', 'SLANJA1111', 'jaffelangat@gmail.com', 0, '+254729549389', 'tJTNqpHCgmp6Zw==', 'm', '31b4d95ff02aba82fd1fcc303336735d', 1, 0, 1),
(133, 'lubomba hamahuwa', 'SHAMLU0921', 'lubombahamahuwa@hotmail.com', 0, '0707121432', 'eWyXfGJ+', 'm', 'dee43e5c62ce550bfb98157c9e40533b', 1, 0, 1),
(134, 'Emil Gabriel Kitua', 'SKITEM1211', 'kituaemil@gmail.com', 0, '255727235709', 'raDGpJu3', 'm', 'df3f9b19ce7c4a6334c69f610e55d20f', 1, 0, 1),
(135, 'Sisiwa Harry', 'SSISHA1431', 'senator.harry10@gmail.com', 0, '0727351054', 'fWaRl2mGg3yF', 'm', 'c531a5c52f0a789a222dda10b9e176de', 1, 0, 1),
(136, 'lusungu hartley chitaya', 'SCHILU1011', 'lusunguchitaya@ymail.com', 0, '0705537004', 'tKjWpJ69', 'm', 'e01bf660032987f513773dd19470d1ba', 1, 0, 1),
(137, 'JOB OMWENGA NDEGE', 'SNDEJO1421', 'jobwamario@yahoo.com', 0, '0719475474', 'uJzOsZWzwGZ1bg==', 'm', 'b80edd2bafd53dfa615fd134ccece030', 1, 0, 1),
(138, 'Samuel Momanyi Inchwara', 'SINCSA0921', 'ichwaras@ueab.ac.ke', 0, '254727105158', 'laLTpKK3fmU=', 'm', '38c10570d035b364d74011599c78249b', 1, 0, 1),
(139, 'MASAI CHEPCHUMBA WINNIE', 'SMASWI1431', 'saiwini@yahoo.com', 0, '0704360264', 'tJTDrJXBsqK1pA==', 'f', '093a1c8f0066a6ecd036df366c2193c6', 1, 0, 1),
(142, 'KIBAGENDI RUTH NYAKERARIO', 'SKIBRU1421', 'kibagendiruth28@gmail.com', 0, '0717226920', 'qpjBvJqvvpuo', 'f', 'a10c206c1c64334d376e928f0aee9090', 1, 0, 1),
(143, 'ANZEZE REINHARD NOAH', 'SANZRE1211', 'renynoz@gmail.com', 0, '254711791837', 'eWyYdWB+', 'm', '7966d8ae4d348ea4b05d83dee48fae08', 1, 0, 1),
(144, 'MURIITHI GRACE NJERI', 'SMURGR1221', 'bessienjeri@gmail.com', 0, '0714319676', 'eWeSdGmEhWk=', 'f', 'd64ab6f0eccdd17e5585a46213d93e35', 1, 0, 1),
(145, 'REBECCA', 'SBIIRE1321', 'rebeccabiira@gmail.com', 0, '0717568420', 'mnihiHORjw==', 'f', 'beee7f2cff9f63aba87a629b78c5075e', 1, 0, 1),
(146, 'JUNNIAH WAMAITHA KARIITHI', 'SKARJU1211', 'yuwamaitha@yahoo.com', 0, '0713183791', 'v5TMpJnCtpQ=', 'f', 'f47b6bd4626f97afd0e18539805ebdc4', 1, 0, 1),
(147, 'kamalizeni', 'SKAMSU1211', 'susankamalizeni@yahoo.com', 0, '0705727263', 'vJTNpKTBxZQ=', 'f', 'a8ebc3772ca0d6a11a85cebf077f0292', 1, 0, 1),
(148, 'vuka precious kaunda', 'SKAUPR1111', 'vkaunda@gmail.com', 0, '0701112418', 'uqLNpJyyvWo=', 'm', '86120d241c139b65be868bf765a81c76', 1, 0, 1),
(149, 'mbaraga', 'SMBALI12I1', 'mbaragalinda@yahoo.fr', 0, '+254707298466', 'inSnhISX', 'f', '13a118d331da99ba539a7dae2f161502', 1, 0, 1),
(150, 'Bukhosi Masuku', 'SMASBU1321', 'bukhosimsk720@gmail.com', 0, '0727178256', 'm5ShhZHClmp6bg==', 'm', 'c48915afe2ace2e57e67734dd811e3e1', 1, 0, 1),
(151, 'Ebenezer Robert Mugishagwe', 'SMUGEB1211', 'ebbymuggy@gmail.com', 0, '0701513144', 'eGqXd2d/hWV6ag==', 'm', '77dbc9e96a5a3a0f6a82669e948b2cea', 1, 0, 1),
(152, 'ABRAHAM', 'SMULAB1111', 'abraham.mulondiwa@gmail.com', 0, '0714063494', 'upjPq5myt6A=', 'm', '57917637eaa266c338af3a9507fe8e36', 1, 0, 1),
(153, 'KETER NANCY ROP', 'SKETNA1111', 'nancyrop88@yahoo.com', 0, '0714159136', 'q5vEs6S9vQ==', 'f', '6f87cec30f8324cb3eec760d202f0bd5', 1, 0, 1),
(154, 'Ibrahim Kilagwa', 'SKILIB1331', 'abrahimkilagwa@gmail.com', 0, '0724079142', 'u5jTt5XA', 'm', '8a9331daa450c9a6334218908c0769fe', 1, 0, 1),
(156, 'Daniel Gaositwe Orapeleng', 'SORADA1331', 'danieldrakecarter@gmail.com', 0, '+254714907277', 'f2STc2OBgGk=', 'm', 'b6f4d7bb4734f1e505e0038279daae8f', 1, 0, 1),
(157, 'NYAMWEYA GEOFFREY', 'SNYAGE1211', 'geoffreynyamweya@ymail.com', 0, '0722142419', 'm3auknKnf2Q=', 'm', '7e13a7c4d961b128fd0848e5441c26e1', 1, 0, 1),
(158, 'Nyasha Josh Dhliwayo', 'SDHLNY1431', 'joshdhliwayo@gmail.com', 0, '0719563577', 'm6LKspq9wZh2Z2Rk', 'm', 'f4cf7afc9bc464bab32ba21db890ea38', 1, 0, 1),
(159, 'mekidelawit nicholson', 'SNICME1431', 'kitanicholson@yahoo.com', 0, '0712199189', 'rafHrJ++t5R1Z2Fm', 'f', '152801db008662717cffd62d8ebab971', 1, 0, 1),
(160, 'EVANS M. OLIVER', 'SOLIEV1211', 'evansoliver66@gmail.com', 0, '0723979446', 'j4Kjj3+kk4aQfGNh', 'm', '370b6a7b47f6bcc8858fd901e5d81721', 1, 0, 1),
(161, 'anna ayub odunga', 'SODUAN1221', 'annaodunga@yahoo.com', 0, '0723909368', 'qaHNpJ+ygGtzaA==', 'f', 'f9d40e53aa506fd6d98e61f82393ea33', 1, 0, 1),
(168, 'SIACHIFUWE ALICE', 'SSIAALI1211', 'alicesiachi@gmail.com', 0, '+254703292731', 'tZTLqJy9', 'f', '163b0f7a9b4b09f519f40540b37ec19c', 1, 0, 1),
(181, 'Geofrey Kipkosgey', 'SKIPGE12I1', 'geofreykemboi@gmail.com', 0, '0707024180', 'e2eQs2aFh6Oo', 'm', '929c45ac3c4f1671d0ad0963ff6068a1', 1, 0, 1),
(182, 'OCHOM FREDRICK ODHIAMBO', 'SOCHFR1431', 'ochomfred@gmail.com', 0, '0706032855', 't5bHsp1/gGZ3', 'm', '354ec7ab9df4f3e5f109ef6691008530', 1, 0, 1),
(186, 'OMONGE CALVINCE ODHIAMBO', 'SOMOCA1421', 'calmosh1421@gmail.com', 0, '+254715562433', 'u6LMspOvf2d1aA==', 'm', '7a9cb161cb0443476c84698f4e554592', 1, 0, 1),
(190, 'Ian Innocent', 'SKAMIA1325', 'ianmin2@lives.com', 0, '+25472567844', 'sZTNsJm8gA==', 'm', '744301f773e6415f9be666ee565e3a58', 1, 0, 1);

-- --------------------------------------------------------

--
-- Table structure for table `residence`
--

DROP TABLE IF EXISTS `residence`;
CREATE TABLE IF NOT EXISTS `residence` (
  `id` int(255) NOT NULL AUTO_INCREMENT,
  `name` varchar(50) NOT NULL,
  `gender` varchar(1) NOT NULL,
  PRIMARY KEY (`id`),
  UNIQUE KEY `gsc` (`name`,`gender`)
) ENGINE=InnoDB  DEFAULT CHARSET=latin1 AUTO_INCREMENT=7 ;

--
-- Truncate table before insert `residence`
--

TRUNCATE TABLE `residence`;
--
-- Dumping data for table `residence`
--

INSERT INTO `residence` (`id`, `name`, `gender`) VALUES
(3, 'Ladies  Annex', 'f'),
(4, 'Ladies Main Dorm', 'f'),
(2, 'NEW MENS DORM', 'm'),
(1, 'OLD MENS DORM', 'm'),
(6, 'test1', 'a'),
(5, 'White House Ladies Annex', 'f');

-- --------------------------------------------------------

--
-- Table structure for table `rooms`
--

DROP TABLE IF EXISTS `rooms`;
CREATE TABLE IF NOT EXISTS `rooms` (
  `id` int(255) NOT NULL AUTO_INCREMENT,
  `r_number` int(255) NOT NULL,
  `max_capacity` int(2) NOT NULL,
  `curr_capacity` int(2) NOT NULL,
  `residence` int(255) NOT NULL,
  `available` int(1) NOT NULL,
  PRIMARY KEY (`id`),
  UNIQUE KEY `gsc` (`r_number`,`max_capacity`,`residence`),
  UNIQUE KEY `roomres` (`residence`,`r_number`)
) ENGINE=InnoDB  DEFAULT CHARSET=latin1 AUTO_INCREMENT=1310 ;

--
-- Truncate table before insert `rooms`
--

TRUNCATE TABLE `rooms`;
--
-- Dumping data for table `rooms`
--

INSERT INTO `rooms` (`id`, `r_number`, `max_capacity`, `curr_capacity`, `residence`, `available`) VALUES
(1, 101, 4, 0, 1, 0),
(2, 102, 4, 0, 1, 0),
(3, 103, 4, 0, 1, 0),
(4, 104, 4, 0, 1, 0),
(5, 105, 4, 0, 1, 0),
(6, 106, 4, 0, 1, 0),
(7, 107, 4, 0, 1, 0),
(8, 108, 4, 0, 1, 0),
(9, 109, 4, 0, 1, 0),
(10, 110, 4, 0, 1, 0),
(11, 111, 4, 0, 1, 0),
(12, 112, 4, 0, 1, 0),
(13, 113, 4, 0, 1, 0),
(14, 114, 4, 0, 1, 0),
(15, 115, 4, 0, 1, 0),
(16, 116, 4, 0, 1, 0),
(17, 117, 4, 0, 1, 0),
(18, 118, 4, 0, 1, 0),
(19, 119, 4, 0, 1, 0),
(20, 120, 4, 0, 1, 0),
(21, 121, 4, 0, 1, 0),
(22, 201, 4, 0, 1, 1),
(23, 202, 4, 0, 1, 1),
(24, 203, 4, 0, 1, 1),
(25, 204, 4, 0, 1, 1),
(26, 205, 4, 0, 1, 1),
(27, 206, 4, 0, 1, 1),
(28, 207, 4, 0, 1, 1),
(29, 208, 4, 0, 1, 1),
(30, 209, 4, 0, 1, 0),
(31, 210, 4, 0, 1, 0),
(32, 211, 4, 0, 1, 0),
(33, 212, 4, 0, 1, 0),
(34, 213, 4, 0, 1, 1),
(35, 214, 4, 0, 1, 1),
(36, 215, 4, 0, 1, 0),
(37, 216, 4, 0, 1, 1),
(38, 217, 4, 0, 1, 1),
(39, 218, 4, 0, 1, 1),
(40, 219, 4, 0, 1, 1),
(41, 220, 4, 0, 1, 1),
(42, 221, 4, 0, 1, 1),
(43, 301, 4, 0, 1, 1),
(44, 302, 4, 0, 1, 1),
(45, 303, 4, 0, 1, 1),
(46, 304, 4, 0, 1, 1),
(47, 305, 4, 0, 1, 1),
(48, 306, 4, 0, 1, 1),
(49, 307, 4, 0, 1, 1),
(50, 308, 4, 0, 1, 1),
(51, 309, 4, 0, 1, 0),
(52, 310, 4, 0, 1, 0),
(53, 311, 4, 0, 1, 1),
(54, 312, 4, 0, 1, 0),
(55, 313, 4, 0, 1, 1),
(56, 314, 4, 0, 1, 1),
(57, 315, 4, 0, 1, 0),
(58, 316, 4, 0, 1, 1),
(59, 317, 4, 0, 1, 1),
(60, 318, 4, 0, 1, 1),
(61, 319, 4, 0, 1, 1),
(62, 320, 4, 0, 1, 1),
(63, 321, 4, 0, 1, 1),
(64, 322, 4, 0, 1, 1),
(65, 323, 4, 0, 1, 1),
(66, 324, 4, 0, 1, 1),
(67, 325, 4, 0, 1, 1),
(68, 326, 4, 0, 1, 1),
(69, 346, 6, 0, 2, 0),
(70, 338, 6, 0, 2, 0),
(71, 242, 6, 0, 2, 1),
(72, 234, 6, 0, 2, 1),
(73, 140, 6, 0, 2, 1),
(74, 132, 6, 0, 2, 1),
(75, 122, 4, 0, 2, 0),
(76, 123, 4, 0, 2, 1),
(77, 124, 4, 0, 2, 1),
(78, 125, 4, 0, 2, 1),
(79, 126, 4, 0, 2, 1),
(80, 127, 4, 0, 2, 1),
(81, 128, 4, 0, 2, 1),
(82, 129, 4, 0, 2, 1),
(83, 130, 4, 0, 2, 1),
(84, 131, 4, 0, 2, 1),
(86, 133, 4, 0, 2, 1),
(87, 134, 4, 0, 2, 1),
(88, 135, 4, 0, 2, 1),
(89, 136, 4, 0, 2, 1),
(90, 137, 4, 0, 2, 1),
(91, 138, 4, 0, 2, 1),
(92, 139, 4, 0, 2, 1),
(94, 141, 4, 0, 2, 1),
(95, 142, 4, 0, 2, 1),
(96, 143, 4, 0, 2, 1),
(97, 144, 4, 0, 2, 1),
(98, 145, 4, 0, 2, 1),
(99, 146, 4, 0, 2, 1),
(100, 147, 4, 0, 2, 1),
(101, 148, 4, 0, 2, 1),
(102, 222, 4, 0, 2, 1),
(103, 223, 4, 0, 2, 1),
(104, 224, 4, 0, 2, 0),
(105, 225, 4, 0, 2, 1),
(106, 226, 4, 0, 2, 1),
(107, 227, 4, 0, 2, 1),
(108, 228, 4, 0, 2, 1),
(109, 229, 4, 0, 2, 1),
(110, 230, 4, 0, 2, 1),
(111, 231, 4, 0, 2, 1),
(112, 232, 4, 0, 2, 1),
(113, 233, 4, 0, 2, 1),
(115, 235, 4, 0, 2, 1),
(116, 236, 4, 0, 2, 1),
(117, 237, 4, 0, 2, 1),
(118, 238, 4, 0, 2, 1),
(119, 239, 4, 0, 2, 1),
(120, 240, 4, 0, 2, 1),
(121, 241, 4, 0, 2, 1),
(123, 243, 4, 0, 2, 1),
(124, 244, 4, 0, 2, 1),
(125, 245, 4, 0, 2, 1),
(126, 246, 4, 0, 2, 1),
(127, 247, 4, 0, 2, 1),
(128, 248, 4, 0, 2, 1),
(129, 249, 4, 0, 2, 1),
(130, 250, 4, 0, 2, 1),
(131, 251, 4, 0, 2, 1),
(132, 252, 4, 0, 2, 1),
(133, 253, 4, 0, 2, 0),
(134, 254, 4, 0, 2, 0),
(135, 327, 4, 0, 2, 1),
(136, 328, 4, 0, 2, 1),
(137, 329, 4, 0, 2, 1),
(138, 330, 4, 0, 2, 1),
(139, 331, 4, 0, 2, 1),
(140, 332, 4, 0, 2, 1),
(141, 333, 4, 0, 2, 1),
(142, 334, 4, 0, 2, 1),
(143, 335, 4, 0, 2, 1),
(144, 336, 4, 0, 2, 1),
(145, 337, 4, 0, 2, 1),
(147, 339, 4, 0, 2, 1),
(148, 340, 4, 0, 2, 1),
(149, 341, 4, 0, 2, 1),
(150, 342, 4, 0, 2, 1),
(151, 343, 4, 0, 2, 1),
(152, 344, 4, 0, 2, 1),
(153, 345, 4, 0, 2, 1),
(155, 347, 4, 0, 2, 1),
(156, 348, 4, 0, 2, 1),
(157, 349, 4, 0, 2, 1),
(158, 350, 4, 0, 2, 1),
(159, 351, 4, 0, 2, 0),
(160, 352, 4, 0, 2, 0),
(161, 353, 4, 0, 2, 0),
(162, 354, 4, 0, 2, 0),
(163, 355, 4, 0, 2, 0),
(164, 356, 4, 0, 2, 0),
(165, 357, 4, 0, 2, 0),
(166, 1, 4, 0, 3, 1),
(167, 2, 4, 0, 3, 1),
(168, 3, 4, 0, 3, 1),
(169, 4, 4, 0, 3, 1),
(170, 5, 4, 0, 3, 1),
(171, 6, 4, 0, 3, 1),
(172, 7, 4, 0, 3, 1),
(173, 8, 4, 0, 3, 1),
(174, 9, 4, 0, 3, 1),
(175, 10, 4, 0, 3, 1),
(176, 11, 4, 0, 3, 1),
(177, 12, 4, 0, 3, 1),
(178, 13, 4, 0, 3, 1),
(179, 14, 4, 0, 3, 1),
(180, 15, 4, 0, 3, 1),
(181, 16, 4, 0, 3, 1),
(182, 17, 4, 0, 3, 1),
(183, 18, 4, 0, 3, 1),
(184, 19, 4, 0, 3, 1),
(185, 20, 4, 0, 3, 1),
(186, 21, 4, 0, 3, 1),
(187, 22, 4, 0, 3, 1),
(188, 23, 4, 0, 3, 1),
(189, 24, 4, 0, 3, 1),
(190, 25, 4, 0, 3, 1),
(191, 1, 4, 0, 4, 1),
(192, 2, 4, 0, 4, 1),
(193, 3, 4, 0, 4, 1),
(194, 4, 4, 0, 4, 1),
(195, 5, 4, 0, 4, 1),
(196, 6, 4, 0, 4, 1),
(197, 7, 4, 0, 4, 1),
(198, 8, 4, 0, 4, 1),
(199, 9, 4, 0, 4, 1),
(200, 10, 4, 0, 4, 1),
(201, 11, 4, 0, 4, 1),
(202, 12, 4, 0, 4, 1),
(203, 13, 4, 0, 4, 1),
(204, 14, 4, 0, 4, 1),
(205, 15, 4, 0, 4, 1),
(206, 16, 4, 0, 4, 1),
(207, 17, 4, 0, 4, 1),
(208, 18, 4, 0, 4, 0),
(209, 19, 4, 0, 4, 1),
(210, 20, 4, 0, 4, 1),
(211, 21, 4, 0, 4, 1),
(212, 22, 4, 0, 4, 1),
(213, 23, 4, 0, 4, 1),
(214, 24, 4, 0, 4, 1),
(215, 25, 4, 0, 4, 1),
(216, 26, 4, 0, 4, 1),
(217, 27, 4, 0, 4, 1),
(218, 28, 4, 0, 4, 1),
(219, 29, 4, 0, 4, 1),
(220, 30, 4, 0, 4, 1),
(221, 31, 4, 0, 4, 1),
(222, 32, 4, 0, 4, 1),
(223, 33, 4, 0, 4, 1),
(224, 34, 4, 0, 4, 1),
(225, 35, 4, 0, 4, 1),
(226, 36, 4, 0, 4, 1),
(227, 37, 4, 0, 4, 1),
(228, 38, 4, 0, 4, 1),
(229, 39, 4, 0, 4, 1),
(230, 40, 4, 0, 4, 1),
(231, 41, 4, 0, 4, 1),
(232, 42, 4, 0, 4, 1),
(233, 43, 4, 0, 4, 1),
(234, 44, 4, 0, 4, 1),
(235, 45, 4, 0, 4, 1),
(236, 46, 4, 0, 4, 1),
(237, 47, 4, 0, 4, 1),
(238, 48, 4, 0, 4, 1),
(239, 49, 4, 0, 4, 1),
(240, 50, 4, 0, 4, 1),
(241, 51, 4, 0, 4, 1),
(242, 52, 4, 0, 4, 1),
(243, 53, 4, 0, 4, 1),
(244, 54, 4, 0, 4, 1),
(245, 55, 4, 0, 4, 1),
(246, 56, 4, 0, 4, 1),
(247, 57, 4, 0, 4, 1),
(248, 58, 4, 0, 4, 1),
(249, 59, 4, 0, 4, 1),
(250, 60, 4, 0, 4, 1),
(251, 61, 4, 0, 4, 1),
(252, 62, 4, 0, 4, 1),
(253, 63, 4, 0, 4, 1),
(254, 64, 4, 0, 4, 1),
(255, 65, 4, 0, 4, 1),
(256, 66, 4, 0, 4, 1),
(257, 67, 4, 0, 4, 1),
(258, 68, 4, 0, 4, 1),
(259, 69, 4, 0, 4, 1),
(260, 70, 4, 0, 4, 1),
(261, 71, 4, 0, 4, 1),
(262, 72, 4, 0, 4, 1),
(263, 73, 4, 0, 4, 1),
(264, 74, 4, 0, 4, 1),
(265, 75, 4, 0, 4, 1),
(266, 76, 4, 0, 4, 1),
(267, 77, 4, 0, 4, 1),
(268, 78, 4, 0, 4, 1),
(269, 79, 4, 0, 4, 1),
(270, 80, 4, 0, 4, 1),
(271, 81, 4, 0, 4, 1),
(272, 82, 4, 0, 4, 1),
(273, 83, 4, 0, 4, 1),
(274, 84, 4, 0, 4, 1),
(275, 85, 4, 0, 4, 1),
(276, 86, 4, 0, 4, 1),
(277, 87, 4, 0, 4, 1),
(278, 88, 4, 0, 4, 1),
(279, 89, 4, 0, 4, 1),
(280, 90, 4, 0, 4, 1),
(281, 91, 4, 0, 4, 1),
(282, 92, 4, 0, 4, 1),
(283, 93, 4, 0, 4, 1),
(284, 94, 4, 0, 4, 1),
(285, 95, 4, 0, 4, 1),
(286, 96, 4, 0, 4, 1),
(287, 97, 4, 0, 4, 1),
(288, 98, 4, 0, 4, 1),
(289, 99, 4, 0, 4, 1),
(290, 100, 4, 0, 4, 1),
(291, 101, 4, 0, 4, 1),
(292, 102, 4, 0, 4, 1),
(293, 103, 4, 0, 4, 1),
(294, 104, 4, 0, 4, 1),
(295, 105, 4, 0, 4, 1),
(296, 106, 4, 0, 4, 1),
(297, 107, 4, 0, 4, 1),
(298, 108, 4, 0, 4, 1),
(299, 109, 4, 0, 4, 1),
(300, 110, 4, 0, 4, 1),
(301, 111, 4, 0, 4, 1),
(302, 26, 4, 0, 5, 0),
(303, 27, 4, 0, 5, 0),
(304, 28, 4, 0, 5, 0),
(305, 29, 4, 0, 5, 0),
(306, 30, 4, 0, 5, 0),
(307, 31, 4, 0, 5, 0),
(308, 32, 4, 0, 5, 0),
(309, 33, 4, 0, 5, 0),
(310, 1, 2, 0, 6, 1),
(311, 2, 2, 0, 6, 1),
(312, 3, 2, 0, 6, 1),
(313, 4, 2, 0, 6, 1),
(314, 5, 2, 0, 6, 1),
(315, 6, 2, 0, 6, 1),
(316, 7, 2, 0, 6, 1),
(317, 8, 2, 0, 6, 1),
(318, 9, 2, 0, 6, 1),
(319, 10, 2, 0, 6, 1),
(320, 11, 2, 0, 6, 1),
(321, 12, 2, 0, 6, 1),
(322, 13, 2, 0, 6, 1),
(323, 14, 2, 0, 6, 1),
(324, 15, 2, 0, 6, 1),
(325, 16, 2, 0, 6, 1),
(326, 17, 2, 0, 6, 1),
(327, 18, 2, 0, 6, 1),
(328, 19, 2, 0, 6, 1),
(329, 20, 2, 0, 6, 1),
(330, 21, 2, 0, 6, 1),
(331, 22, 2, 0, 6, 1),
(332, 23, 2, 0, 6, 1),
(333, 24, 2, 0, 6, 1),
(334, 25, 2, 0, 6, 1),
(335, 26, 2, 0, 6, 1),
(336, 27, 2, 0, 6, 1),
(337, 28, 2, 0, 6, 1),
(338, 29, 2, 0, 6, 1),
(339, 30, 2, 0, 6, 1),
(340, 31, 2, 0, 6, 1),
(341, 32, 2, 0, 6, 1),
(342, 33, 2, 0, 6, 1),
(343, 34, 2, 0, 6, 1),
(344, 35, 2, 0, 6, 1),
(345, 36, 2, 0, 6, 1),
(346, 37, 2, 0, 6, 1),
(347, 38, 2, 0, 6, 1),
(348, 39, 2, 0, 6, 1),
(349, 40, 2, 0, 6, 1),
(350, 41, 2, 0, 6, 1),
(351, 42, 2, 0, 6, 1),
(352, 43, 2, 0, 6, 1),
(353, 44, 2, 0, 6, 1),
(354, 45, 2, 0, 6, 1),
(355, 46, 2, 0, 6, 1),
(356, 47, 2, 0, 6, 1),
(357, 48, 2, 0, 6, 1),
(358, 49, 2, 0, 6, 1),
(359, 50, 2, 0, 6, 1),
(360, 51, 2, 0, 6, 1),
(361, 52, 2, 0, 6, 1),
(362, 53, 2, 0, 6, 1),
(363, 54, 2, 0, 6, 1),
(364, 55, 2, 0, 6, 1),
(365, 56, 2, 0, 6, 1),
(366, 57, 2, 0, 6, 1),
(367, 58, 2, 0, 6, 1),
(368, 59, 2, 0, 6, 1),
(369, 60, 2, 0, 6, 1),
(370, 61, 2, 0, 6, 1),
(371, 62, 2, 0, 6, 1),
(372, 63, 2, 0, 6, 1),
(373, 64, 2, 0, 6, 1),
(374, 65, 2, 0, 6, 1),
(375, 66, 2, 0, 6, 1),
(376, 67, 2, 0, 6, 1),
(377, 68, 2, 0, 6, 1),
(378, 69, 2, 0, 6, 1),
(379, 70, 2, 0, 6, 1),
(380, 71, 2, 0, 6, 1),
(381, 72, 2, 0, 6, 1),
(382, 73, 2, 0, 6, 1),
(383, 74, 2, 0, 6, 1),
(384, 75, 2, 0, 6, 1),
(385, 76, 2, 0, 6, 1),
(386, 77, 2, 0, 6, 1),
(387, 78, 2, 0, 6, 1),
(388, 79, 2, 0, 6, 1),
(389, 80, 2, 0, 6, 1),
(390, 81, 2, 0, 6, 1),
(391, 82, 2, 0, 6, 1),
(392, 83, 2, 0, 6, 1),
(393, 84, 2, 0, 6, 1),
(394, 85, 2, 0, 6, 1),
(395, 86, 2, 0, 6, 1),
(396, 87, 2, 0, 6, 1),
(397, 88, 2, 0, 6, 1),
(398, 89, 2, 0, 6, 1),
(399, 90, 2, 0, 6, 1),
(400, 91, 2, 0, 6, 1),
(401, 92, 2, 0, 6, 1),
(402, 93, 2, 0, 6, 1),
(403, 94, 2, 0, 6, 1),
(404, 95, 2, 0, 6, 1),
(405, 96, 2, 0, 6, 1),
(406, 97, 2, 0, 6, 1),
(407, 98, 2, 0, 6, 1),
(408, 99, 2, 0, 6, 1),
(409, 100, 2, 0, 6, 1),
(410, 101, 2, 0, 6, 1),
(411, 102, 2, 0, 6, 1),
(412, 103, 2, 0, 6, 1),
(413, 104, 2, 0, 6, 1),
(414, 105, 2, 0, 6, 1),
(415, 106, 2, 0, 6, 1),
(416, 107, 2, 0, 6, 1),
(417, 108, 2, 0, 6, 1),
(418, 109, 2, 0, 6, 1),
(419, 110, 2, 0, 6, 1),
(420, 111, 2, 0, 6, 1),
(421, 112, 2, 0, 6, 1),
(422, 113, 2, 0, 6, 1),
(423, 114, 2, 0, 6, 1),
(424, 115, 2, 0, 6, 1),
(425, 116, 2, 0, 6, 1),
(426, 117, 2, 0, 6, 1),
(427, 118, 2, 0, 6, 1),
(428, 119, 2, 0, 6, 1),
(429, 120, 2, 0, 6, 1),
(430, 121, 2, 0, 6, 1),
(431, 122, 2, 0, 6, 1),
(432, 123, 2, 0, 6, 1),
(433, 124, 2, 0, 6, 1),
(434, 125, 2, 0, 6, 1),
(435, 126, 2, 0, 6, 1),
(436, 127, 2, 0, 6, 1),
(437, 128, 2, 0, 6, 1),
(438, 129, 2, 0, 6, 1),
(439, 130, 2, 0, 6, 1),
(440, 131, 2, 0, 6, 1),
(441, 132, 2, 0, 6, 1),
(442, 133, 2, 0, 6, 1),
(443, 134, 2, 0, 6, 1),
(444, 135, 2, 0, 6, 1),
(445, 136, 2, 0, 6, 1),
(446, 137, 2, 0, 6, 1),
(447, 138, 2, 0, 6, 1),
(448, 139, 2, 0, 6, 1),
(449, 140, 2, 0, 6, 1),
(450, 141, 2, 0, 6, 1),
(451, 142, 2, 0, 6, 1),
(452, 143, 2, 0, 6, 1),
(453, 144, 2, 0, 6, 1),
(454, 145, 2, 0, 6, 1),
(455, 146, 2, 0, 6, 1),
(456, 147, 2, 0, 6, 1),
(457, 148, 2, 0, 6, 1),
(458, 149, 2, 0, 6, 1),
(459, 150, 2, 0, 6, 1),
(460, 151, 2, 0, 6, 1),
(461, 152, 2, 0, 6, 1),
(462, 153, 2, 0, 6, 1),
(463, 154, 2, 0, 6, 1),
(464, 155, 2, 0, 6, 1),
(465, 156, 2, 0, 6, 1),
(466, 157, 2, 0, 6, 1),
(467, 158, 2, 0, 6, 1),
(468, 159, 2, 0, 6, 1),
(469, 160, 2, 0, 6, 1),
(470, 161, 2, 0, 6, 1),
(471, 162, 2, 0, 6, 1),
(472, 163, 2, 0, 6, 1),
(473, 164, 2, 0, 6, 1),
(474, 165, 2, 0, 6, 1),
(475, 166, 2, 0, 6, 1),
(476, 167, 2, 0, 6, 1),
(477, 168, 2, 0, 6, 1),
(478, 169, 2, 0, 6, 1),
(479, 170, 2, 0, 6, 1),
(480, 171, 2, 0, 6, 1),
(481, 172, 2, 0, 6, 1),
(482, 173, 2, 0, 6, 1),
(483, 174, 2, 0, 6, 1),
(484, 175, 2, 0, 6, 1),
(485, 176, 2, 0, 6, 1),
(486, 177, 2, 0, 6, 1),
(487, 178, 2, 0, 6, 1),
(488, 179, 2, 0, 6, 1),
(489, 180, 2, 0, 6, 1),
(490, 181, 2, 0, 6, 1),
(491, 182, 2, 0, 6, 1),
(492, 183, 2, 0, 6, 1),
(493, 184, 2, 0, 6, 1),
(494, 185, 2, 0, 6, 1),
(495, 186, 2, 0, 6, 1),
(496, 187, 2, 0, 6, 1),
(497, 188, 2, 0, 6, 1),
(498, 189, 2, 0, 6, 1),
(499, 190, 2, 0, 6, 1),
(500, 191, 2, 0, 6, 1),
(501, 192, 2, 0, 6, 1),
(502, 193, 2, 0, 6, 1),
(503, 194, 2, 0, 6, 1),
(504, 195, 2, 0, 6, 1),
(505, 196, 2, 0, 6, 1),
(506, 197, 2, 0, 6, 1),
(507, 198, 2, 0, 6, 1),
(508, 199, 2, 0, 6, 1),
(509, 200, 2, 0, 6, 1),
(510, 201, 2, 0, 6, 1),
(511, 202, 2, 0, 6, 1),
(512, 203, 2, 0, 6, 1),
(513, 204, 2, 0, 6, 1),
(514, 205, 2, 0, 6, 1),
(515, 206, 2, 0, 6, 1),
(516, 207, 2, 0, 6, 1),
(517, 208, 2, 0, 6, 1),
(518, 209, 2, 0, 6, 1),
(519, 210, 2, 0, 6, 1),
(520, 211, 2, 0, 6, 1),
(521, 212, 2, 0, 6, 1),
(522, 213, 2, 0, 6, 1),
(523, 214, 2, 0, 6, 1),
(524, 215, 2, 0, 6, 1),
(525, 216, 2, 0, 6, 1),
(526, 217, 2, 0, 6, 1),
(527, 218, 2, 0, 6, 1),
(528, 219, 2, 0, 6, 1),
(529, 220, 2, 0, 6, 1),
(530, 221, 2, 0, 6, 1),
(531, 222, 2, 0, 6, 1),
(532, 223, 2, 0, 6, 1),
(533, 224, 2, 0, 6, 1),
(534, 225, 2, 0, 6, 1),
(535, 226, 2, 0, 6, 1),
(536, 227, 2, 0, 6, 1),
(537, 228, 2, 0, 6, 1),
(538, 229, 2, 0, 6, 1),
(539, 230, 2, 0, 6, 1),
(540, 231, 2, 0, 6, 1),
(541, 232, 2, 0, 6, 1),
(542, 233, 2, 0, 6, 1),
(543, 234, 2, 0, 6, 1),
(544, 235, 2, 0, 6, 1),
(545, 236, 2, 0, 6, 1),
(546, 237, 2, 0, 6, 1),
(547, 238, 2, 0, 6, 1),
(548, 239, 2, 0, 6, 1),
(549, 240, 2, 0, 6, 1),
(550, 241, 2, 0, 6, 1),
(551, 242, 2, 0, 6, 1),
(552, 243, 2, 0, 6, 1),
(553, 244, 2, 0, 6, 1),
(554, 245, 2, 0, 6, 1),
(555, 246, 2, 0, 6, 1),
(556, 247, 2, 0, 6, 1),
(557, 248, 2, 0, 6, 1),
(558, 249, 2, 0, 6, 1),
(559, 250, 2, 0, 6, 1),
(560, 251, 2, 0, 6, 1),
(561, 252, 2, 0, 6, 1),
(562, 253, 2, 0, 6, 1),
(563, 254, 2, 0, 6, 1),
(564, 255, 2, 0, 6, 1),
(565, 256, 2, 0, 6, 1),
(566, 257, 2, 0, 6, 1),
(567, 258, 2, 0, 6, 1),
(568, 259, 2, 0, 6, 1),
(569, 260, 2, 0, 6, 1),
(570, 261, 2, 0, 6, 1),
(571, 262, 2, 0, 6, 1),
(572, 263, 2, 0, 6, 1),
(573, 264, 2, 0, 6, 1),
(574, 265, 2, 0, 6, 1),
(575, 266, 2, 0, 6, 1),
(576, 267, 2, 0, 6, 1),
(577, 268, 2, 0, 6, 1),
(578, 269, 2, 0, 6, 1),
(579, 270, 2, 0, 6, 1),
(580, 271, 2, 0, 6, 1),
(581, 272, 2, 0, 6, 1),
(582, 273, 2, 0, 6, 1),
(583, 274, 2, 0, 6, 1),
(584, 275, 2, 0, 6, 1),
(585, 276, 2, 0, 6, 1),
(586, 277, 2, 0, 6, 1),
(587, 278, 2, 0, 6, 1),
(588, 279, 2, 0, 6, 1),
(589, 280, 2, 0, 6, 1),
(590, 281, 2, 0, 6, 1),
(591, 282, 2, 0, 6, 1),
(592, 283, 2, 0, 6, 1),
(593, 284, 2, 0, 6, 1),
(594, 285, 2, 0, 6, 1),
(595, 286, 2, 0, 6, 1),
(596, 287, 2, 0, 6, 1),
(597, 288, 2, 0, 6, 1),
(598, 289, 2, 0, 6, 1),
(599, 290, 2, 0, 6, 1),
(600, 291, 2, 0, 6, 1),
(601, 292, 2, 0, 6, 1),
(602, 293, 2, 0, 6, 1),
(603, 294, 2, 0, 6, 1),
(604, 295, 2, 0, 6, 1),
(605, 296, 2, 0, 6, 1),
(606, 297, 2, 0, 6, 1),
(607, 298, 2, 0, 6, 1),
(608, 299, 2, 0, 6, 1),
(609, 300, 2, 0, 6, 1),
(610, 301, 2, 0, 6, 1),
(611, 302, 2, 0, 6, 1),
(612, 303, 2, 0, 6, 1),
(613, 304, 2, 0, 6, 1),
(614, 305, 2, 0, 6, 1),
(615, 306, 2, 0, 6, 1),
(616, 307, 2, 0, 6, 1),
(617, 308, 2, 0, 6, 1),
(618, 309, 2, 0, 6, 1),
(619, 310, 2, 0, 6, 1),
(620, 311, 2, 0, 6, 1),
(621, 312, 2, 0, 6, 1),
(622, 313, 2, 0, 6, 1),
(623, 314, 2, 0, 6, 1),
(624, 315, 2, 0, 6, 1),
(625, 316, 2, 0, 6, 1),
(626, 317, 2, 0, 6, 1),
(627, 318, 2, 0, 6, 1),
(628, 319, 2, 0, 6, 1),
(629, 320, 2, 0, 6, 1),
(630, 321, 2, 0, 6, 1),
(631, 322, 2, 0, 6, 1),
(632, 323, 2, 0, 6, 1),
(633, 324, 2, 0, 6, 1),
(634, 325, 2, 0, 6, 1),
(635, 326, 2, 0, 6, 1),
(636, 327, 2, 0, 6, 1),
(637, 328, 2, 0, 6, 1),
(638, 329, 2, 0, 6, 1),
(639, 330, 2, 0, 6, 1),
(640, 331, 2, 0, 6, 1),
(641, 332, 2, 0, 6, 1),
(642, 333, 2, 0, 6, 1),
(643, 334, 2, 0, 6, 1),
(644, 335, 2, 0, 6, 1),
(645, 336, 2, 0, 6, 1),
(646, 337, 2, 0, 6, 1),
(647, 338, 2, 0, 6, 1),
(648, 339, 2, 0, 6, 1),
(649, 340, 2, 0, 6, 1),
(650, 341, 2, 0, 6, 1),
(651, 342, 2, 0, 6, 1),
(652, 343, 2, 0, 6, 1),
(653, 344, 2, 0, 6, 1),
(654, 345, 2, 0, 6, 1),
(655, 346, 2, 0, 6, 1),
(656, 347, 2, 0, 6, 1),
(657, 348, 2, 0, 6, 1),
(658, 349, 2, 0, 6, 1),
(659, 350, 2, 0, 6, 1),
(660, 351, 2, 0, 6, 1),
(661, 352, 2, 0, 6, 1),
(662, 353, 2, 0, 6, 1),
(663, 354, 2, 0, 6, 1),
(664, 355, 2, 0, 6, 1),
(665, 356, 2, 0, 6, 1),
(666, 357, 2, 0, 6, 1),
(667, 358, 2, 0, 6, 1),
(668, 359, 2, 0, 6, 1),
(669, 360, 2, 0, 6, 1),
(670, 361, 2, 0, 6, 1),
(671, 362, 2, 0, 6, 1),
(672, 363, 2, 0, 6, 1),
(673, 364, 2, 0, 6, 1),
(674, 365, 2, 0, 6, 1),
(675, 366, 2, 0, 6, 1),
(676, 367, 2, 0, 6, 1),
(677, 368, 2, 0, 6, 1),
(678, 369, 2, 0, 6, 1),
(679, 370, 2, 0, 6, 1),
(680, 371, 2, 0, 6, 1),
(681, 372, 2, 0, 6, 1),
(682, 373, 2, 0, 6, 1),
(683, 374, 2, 0, 6, 1),
(684, 375, 2, 0, 6, 1),
(685, 376, 2, 0, 6, 1),
(686, 377, 2, 0, 6, 1),
(687, 378, 2, 0, 6, 1),
(688, 379, 2, 0, 6, 1),
(689, 380, 2, 0, 6, 1),
(690, 381, 2, 0, 6, 1),
(691, 382, 2, 0, 6, 1),
(692, 383, 2, 0, 6, 1),
(693, 384, 2, 0, 6, 1),
(694, 385, 2, 0, 6, 1),
(695, 386, 2, 0, 6, 1),
(696, 387, 2, 0, 6, 1),
(697, 388, 2, 0, 6, 1),
(698, 389, 2, 0, 6, 1),
(699, 390, 2, 0, 6, 1),
(700, 391, 2, 0, 6, 1),
(701, 392, 2, 0, 6, 1),
(702, 393, 2, 0, 6, 1),
(703, 394, 2, 0, 6, 1),
(704, 395, 2, 0, 6, 1),
(705, 396, 2, 0, 6, 1),
(706, 397, 2, 0, 6, 1),
(707, 398, 2, 0, 6, 1),
(708, 399, 2, 0, 6, 1),
(709, 400, 2, 0, 6, 1),
(710, 401, 2, 0, 6, 1),
(711, 402, 2, 0, 6, 1),
(712, 403, 2, 0, 6, 1),
(713, 404, 2, 0, 6, 1),
(714, 405, 2, 0, 6, 1),
(715, 406, 2, 0, 6, 1),
(716, 407, 2, 0, 6, 1),
(717, 408, 2, 0, 6, 1),
(718, 409, 2, 0, 6, 1),
(719, 410, 2, 0, 6, 1),
(720, 411, 2, 0, 6, 1),
(721, 412, 2, 0, 6, 1),
(722, 413, 2, 0, 6, 1),
(723, 414, 2, 0, 6, 1),
(724, 415, 2, 0, 6, 1),
(725, 416, 2, 0, 6, 1),
(726, 417, 2, 0, 6, 1),
(727, 418, 2, 0, 6, 1),
(728, 419, 2, 0, 6, 1),
(729, 420, 2, 0, 6, 1),
(730, 421, 2, 0, 6, 1),
(731, 422, 2, 0, 6, 1),
(732, 423, 2, 0, 6, 1),
(733, 424, 2, 0, 6, 1),
(734, 425, 2, 0, 6, 1),
(735, 426, 2, 0, 6, 1),
(736, 427, 2, 0, 6, 1),
(737, 428, 2, 0, 6, 1),
(738, 429, 2, 0, 6, 1),
(739, 430, 2, 0, 6, 1),
(740, 431, 2, 0, 6, 1),
(741, 432, 2, 0, 6, 1),
(742, 433, 2, 0, 6, 1),
(743, 434, 2, 0, 6, 1),
(744, 435, 2, 0, 6, 1),
(745, 436, 2, 0, 6, 1),
(746, 437, 2, 0, 6, 1),
(747, 438, 2, 0, 6, 1),
(748, 439, 2, 0, 6, 1),
(749, 440, 2, 0, 6, 1),
(750, 441, 2, 0, 6, 1),
(751, 442, 2, 0, 6, 1),
(752, 443, 2, 0, 6, 1),
(753, 444, 2, 0, 6, 1),
(754, 445, 2, 0, 6, 1),
(755, 446, 2, 0, 6, 1),
(756, 447, 2, 0, 6, 1),
(757, 448, 2, 0, 6, 1),
(758, 449, 2, 0, 6, 1),
(759, 450, 2, 0, 6, 1),
(760, 451, 2, 0, 6, 1),
(761, 452, 2, 0, 6, 1),
(762, 453, 2, 0, 6, 1),
(763, 454, 2, 0, 6, 1),
(764, 455, 2, 0, 6, 1),
(765, 456, 2, 0, 6, 1),
(766, 457, 2, 0, 6, 1),
(767, 458, 2, 0, 6, 1),
(768, 459, 2, 0, 6, 1),
(769, 460, 2, 0, 6, 1),
(770, 461, 2, 0, 6, 1),
(771, 462, 2, 0, 6, 1),
(772, 463, 2, 0, 6, 1),
(773, 464, 2, 0, 6, 1),
(774, 465, 2, 0, 6, 1),
(775, 466, 2, 0, 6, 1),
(776, 467, 2, 0, 6, 1),
(777, 468, 2, 0, 6, 1),
(778, 469, 2, 0, 6, 1),
(779, 470, 2, 0, 6, 1),
(780, 471, 2, 0, 6, 1),
(781, 472, 2, 0, 6, 1),
(782, 473, 2, 0, 6, 1),
(783, 474, 2, 0, 6, 1),
(784, 475, 2, 0, 6, 1),
(785, 476, 2, 0, 6, 1),
(786, 477, 2, 0, 6, 1),
(787, 478, 2, 0, 6, 1),
(788, 479, 2, 0, 6, 1),
(789, 480, 2, 0, 6, 1),
(790, 481, 2, 0, 6, 1),
(791, 482, 2, 0, 6, 1),
(792, 483, 2, 0, 6, 1),
(793, 484, 2, 0, 6, 1),
(794, 485, 2, 0, 6, 1),
(795, 486, 2, 0, 6, 1),
(796, 487, 2, 0, 6, 1),
(797, 488, 2, 0, 6, 1),
(798, 489, 2, 0, 6, 1),
(799, 490, 2, 0, 6, 1),
(800, 491, 2, 0, 6, 1),
(801, 492, 2, 0, 6, 1),
(802, 493, 2, 0, 6, 1),
(803, 494, 2, 0, 6, 1),
(804, 495, 2, 0, 6, 1),
(805, 496, 2, 0, 6, 1),
(806, 497, 2, 0, 6, 1),
(807, 498, 2, 0, 6, 1),
(808, 499, 2, 0, 6, 1),
(809, 500, 2, 0, 6, 1),
(810, 501, 2, 0, 6, 1),
(811, 502, 2, 0, 6, 1),
(812, 503, 2, 0, 6, 1),
(813, 504, 2, 0, 6, 1),
(814, 505, 2, 0, 6, 1),
(815, 506, 2, 0, 6, 1),
(816, 507, 2, 0, 6, 1),
(817, 508, 2, 0, 6, 1),
(818, 509, 2, 0, 6, 1),
(819, 510, 2, 0, 6, 1),
(820, 511, 2, 0, 6, 1),
(821, 512, 2, 0, 6, 1),
(822, 513, 2, 0, 6, 1),
(823, 514, 2, 0, 6, 1),
(824, 515, 2, 0, 6, 1),
(825, 516, 2, 0, 6, 1),
(826, 517, 2, 0, 6, 1),
(827, 518, 2, 0, 6, 1),
(828, 519, 2, 0, 6, 1),
(829, 520, 2, 0, 6, 1),
(830, 521, 2, 0, 6, 1),
(831, 522, 2, 0, 6, 1),
(832, 523, 2, 0, 6, 1),
(833, 524, 2, 0, 6, 1),
(834, 525, 2, 0, 6, 1),
(835, 526, 2, 0, 6, 1),
(836, 527, 2, 0, 6, 1),
(837, 528, 2, 0, 6, 1),
(838, 529, 2, 0, 6, 1),
(839, 530, 2, 0, 6, 1),
(840, 531, 2, 0, 6, 1),
(841, 532, 2, 0, 6, 1),
(842, 533, 2, 0, 6, 1),
(843, 534, 2, 0, 6, 1),
(844, 535, 2, 0, 6, 1),
(845, 536, 2, 0, 6, 1),
(846, 537, 2, 0, 6, 1),
(847, 538, 2, 0, 6, 1),
(848, 539, 2, 0, 6, 1),
(849, 540, 2, 0, 6, 1),
(850, 541, 2, 0, 6, 1),
(851, 542, 2, 0, 6, 1),
(852, 543, 2, 0, 6, 1),
(853, 544, 2, 0, 6, 1),
(854, 545, 2, 0, 6, 1),
(855, 546, 2, 0, 6, 1),
(856, 547, 2, 0, 6, 1),
(857, 548, 2, 0, 6, 1),
(858, 549, 2, 0, 6, 1),
(859, 550, 2, 0, 6, 1),
(860, 551, 2, 0, 6, 1),
(861, 552, 2, 0, 6, 1),
(862, 553, 2, 0, 6, 1),
(863, 554, 2, 0, 6, 1),
(864, 555, 2, 0, 6, 1),
(865, 556, 2, 0, 6, 1),
(866, 557, 2, 0, 6, 1),
(867, 558, 2, 0, 6, 1),
(868, 559, 2, 0, 6, 1),
(869, 560, 2, 0, 6, 1),
(870, 561, 2, 0, 6, 1),
(871, 562, 2, 0, 6, 1),
(872, 563, 2, 0, 6, 1),
(873, 564, 2, 0, 6, 1),
(874, 565, 2, 0, 6, 1),
(875, 566, 2, 0, 6, 1),
(876, 567, 2, 0, 6, 1),
(877, 568, 2, 0, 6, 1),
(878, 569, 2, 0, 6, 1),
(879, 570, 2, 0, 6, 1),
(880, 571, 2, 0, 6, 1),
(881, 572, 2, 0, 6, 1),
(882, 573, 2, 0, 6, 1),
(883, 574, 2, 0, 6, 1),
(884, 575, 2, 0, 6, 1),
(885, 576, 2, 0, 6, 1),
(886, 577, 2, 0, 6, 1),
(887, 578, 2, 0, 6, 1),
(888, 579, 2, 0, 6, 1),
(889, 580, 2, 0, 6, 1),
(890, 581, 2, 0, 6, 1),
(891, 582, 2, 0, 6, 1),
(892, 583, 2, 0, 6, 1),
(893, 584, 2, 0, 6, 1),
(894, 585, 2, 0, 6, 1),
(895, 586, 2, 0, 6, 1),
(896, 587, 2, 0, 6, 1),
(897, 588, 2, 0, 6, 1),
(898, 589, 2, 0, 6, 1),
(899, 590, 2, 0, 6, 1),
(900, 591, 2, 0, 6, 1),
(901, 592, 2, 0, 6, 1),
(902, 593, 2, 0, 6, 1),
(903, 594, 2, 0, 6, 1),
(904, 595, 2, 0, 6, 1),
(905, 596, 2, 0, 6, 1),
(906, 597, 2, 0, 6, 1),
(907, 598, 2, 0, 6, 1),
(908, 599, 2, 0, 6, 1),
(909, 600, 2, 0, 6, 1),
(910, 601, 2, 0, 6, 1),
(911, 602, 2, 0, 6, 1),
(912, 603, 2, 0, 6, 1),
(913, 604, 2, 0, 6, 1),
(914, 605, 2, 0, 6, 1),
(915, 606, 2, 0, 6, 1),
(916, 607, 2, 0, 6, 1),
(917, 608, 2, 0, 6, 1),
(918, 609, 2, 0, 6, 1),
(919, 610, 2, 0, 6, 1),
(920, 611, 2, 0, 6, 1),
(921, 612, 2, 0, 6, 1),
(922, 613, 2, 0, 6, 1),
(923, 614, 2, 0, 6, 1),
(924, 615, 2, 0, 6, 1),
(925, 616, 2, 0, 6, 1),
(926, 617, 2, 0, 6, 1),
(927, 618, 2, 0, 6, 1),
(928, 619, 2, 0, 6, 1),
(929, 620, 2, 0, 6, 1),
(930, 621, 2, 0, 6, 1),
(931, 622, 2, 0, 6, 1),
(932, 623, 2, 0, 6, 1),
(933, 624, 2, 0, 6, 1),
(934, 625, 2, 0, 6, 1),
(935, 626, 2, 0, 6, 1),
(936, 627, 2, 0, 6, 1),
(937, 628, 2, 0, 6, 1),
(938, 629, 2, 0, 6, 1),
(939, 630, 2, 0, 6, 1),
(940, 631, 2, 0, 6, 1),
(941, 632, 2, 0, 6, 1),
(942, 633, 2, 0, 6, 1),
(943, 634, 2, 0, 6, 1),
(944, 635, 2, 0, 6, 1),
(945, 636, 2, 0, 6, 1),
(946, 637, 2, 0, 6, 1),
(947, 638, 2, 0, 6, 1),
(948, 639, 2, 0, 6, 1),
(949, 640, 2, 0, 6, 1),
(950, 641, 2, 0, 6, 1),
(951, 642, 2, 0, 6, 1),
(952, 643, 2, 0, 6, 1),
(953, 644, 2, 0, 6, 1),
(954, 645, 2, 0, 6, 1),
(955, 646, 2, 0, 6, 1),
(956, 647, 2, 0, 6, 1),
(957, 648, 2, 0, 6, 1),
(958, 649, 2, 0, 6, 1),
(959, 650, 2, 0, 6, 1),
(960, 651, 2, 0, 6, 1),
(961, 652, 2, 0, 6, 1),
(962, 653, 2, 0, 6, 1),
(963, 654, 2, 0, 6, 1),
(964, 655, 2, 0, 6, 1),
(965, 656, 2, 0, 6, 1),
(966, 657, 2, 0, 6, 1),
(967, 658, 2, 0, 6, 1),
(968, 659, 2, 0, 6, 1),
(969, 660, 2, 0, 6, 1),
(970, 661, 2, 0, 6, 1),
(971, 662, 2, 0, 6, 1),
(972, 663, 2, 0, 6, 1),
(973, 664, 2, 0, 6, 1),
(974, 665, 2, 0, 6, 1),
(975, 666, 2, 0, 6, 1),
(976, 667, 2, 0, 6, 1),
(977, 668, 2, 0, 6, 1),
(978, 669, 2, 0, 6, 1),
(979, 670, 2, 0, 6, 1),
(980, 671, 2, 0, 6, 1),
(981, 672, 2, 0, 6, 1),
(982, 673, 2, 0, 6, 1),
(983, 674, 2, 0, 6, 1),
(984, 675, 2, 0, 6, 1),
(985, 676, 2, 0, 6, 1),
(986, 677, 2, 0, 6, 1),
(987, 678, 2, 0, 6, 1),
(988, 679, 2, 0, 6, 1),
(989, 680, 2, 0, 6, 1),
(990, 681, 2, 0, 6, 1),
(991, 682, 2, 0, 6, 1),
(992, 683, 2, 0, 6, 1),
(993, 684, 2, 0, 6, 1),
(994, 685, 2, 0, 6, 1),
(995, 686, 2, 0, 6, 1),
(996, 687, 2, 0, 6, 1),
(997, 688, 2, 0, 6, 1),
(998, 689, 2, 0, 6, 1),
(999, 690, 2, 0, 6, 1),
(1000, 691, 2, 0, 6, 1),
(1001, 692, 2, 0, 6, 1),
(1002, 693, 2, 0, 6, 1),
(1003, 694, 2, 0, 6, 1),
(1004, 695, 2, 0, 6, 1),
(1005, 696, 2, 0, 6, 1),
(1006, 697, 2, 0, 6, 1),
(1007, 698, 2, 0, 6, 1),
(1008, 699, 2, 0, 6, 1),
(1009, 700, 2, 0, 6, 1),
(1010, 701, 2, 0, 6, 1),
(1011, 702, 2, 0, 6, 1),
(1012, 703, 2, 0, 6, 1),
(1013, 704, 2, 0, 6, 1),
(1014, 705, 2, 0, 6, 1),
(1015, 706, 2, 0, 6, 1),
(1016, 707, 2, 0, 6, 1),
(1017, 708, 2, 0, 6, 1),
(1018, 709, 2, 0, 6, 1),
(1019, 710, 2, 0, 6, 1),
(1020, 711, 2, 0, 6, 1),
(1021, 712, 2, 0, 6, 1),
(1022, 713, 2, 0, 6, 1),
(1023, 714, 2, 0, 6, 1),
(1024, 715, 2, 0, 6, 1),
(1025, 716, 2, 0, 6, 1),
(1026, 717, 2, 0, 6, 1),
(1027, 718, 2, 0, 6, 1),
(1028, 719, 2, 0, 6, 1),
(1029, 720, 2, 0, 6, 1),
(1030, 721, 2, 0, 6, 1),
(1031, 722, 2, 0, 6, 1),
(1032, 723, 2, 0, 6, 1),
(1033, 724, 2, 0, 6, 1),
(1034, 725, 2, 0, 6, 1),
(1035, 726, 2, 0, 6, 1),
(1036, 727, 2, 0, 6, 1),
(1037, 728, 2, 0, 6, 1),
(1038, 729, 2, 0, 6, 1),
(1039, 730, 2, 0, 6, 1),
(1040, 731, 2, 0, 6, 1),
(1041, 732, 2, 0, 6, 1),
(1042, 733, 2, 0, 6, 1),
(1043, 734, 2, 0, 6, 1),
(1044, 735, 2, 0, 6, 1),
(1045, 736, 2, 0, 6, 1),
(1046, 737, 2, 0, 6, 1),
(1047, 738, 2, 0, 6, 1),
(1048, 739, 2, 0, 6, 1),
(1049, 740, 2, 0, 6, 1),
(1050, 741, 2, 0, 6, 1),
(1051, 742, 2, 0, 6, 1),
(1052, 743, 2, 0, 6, 1),
(1053, 744, 2, 0, 6, 1),
(1054, 745, 2, 0, 6, 1),
(1055, 746, 2, 0, 6, 1),
(1056, 747, 2, 0, 6, 1),
(1057, 748, 2, 0, 6, 1),
(1058, 749, 2, 0, 6, 1),
(1059, 750, 2, 0, 6, 1),
(1060, 751, 2, 0, 6, 1),
(1061, 752, 2, 0, 6, 1),
(1062, 753, 2, 0, 6, 1),
(1063, 754, 2, 0, 6, 1),
(1064, 755, 2, 0, 6, 1),
(1065, 756, 2, 0, 6, 1),
(1066, 757, 2, 0, 6, 1),
(1067, 758, 2, 0, 6, 1),
(1068, 759, 2, 0, 6, 1),
(1069, 760, 2, 0, 6, 1),
(1070, 761, 2, 0, 6, 1),
(1071, 762, 2, 0, 6, 1),
(1072, 763, 2, 0, 6, 1),
(1073, 764, 2, 0, 6, 1),
(1074, 765, 2, 0, 6, 1),
(1075, 766, 2, 0, 6, 1),
(1076, 767, 2, 0, 6, 1),
(1077, 768, 2, 0, 6, 1),
(1078, 769, 2, 0, 6, 1),
(1079, 770, 2, 0, 6, 1),
(1080, 771, 2, 0, 6, 1),
(1081, 772, 2, 0, 6, 1),
(1082, 773, 2, 0, 6, 1),
(1083, 774, 2, 0, 6, 1),
(1084, 775, 2, 0, 6, 1),
(1085, 776, 2, 0, 6, 1),
(1086, 777, 2, 0, 6, 1),
(1087, 778, 2, 0, 6, 1),
(1088, 779, 2, 0, 6, 1),
(1089, 780, 2, 0, 6, 1),
(1090, 781, 2, 0, 6, 1),
(1091, 782, 2, 0, 6, 1),
(1092, 783, 2, 0, 6, 1),
(1093, 784, 2, 0, 6, 1),
(1094, 785, 2, 0, 6, 1),
(1095, 786, 2, 0, 6, 1),
(1096, 787, 2, 0, 6, 1),
(1097, 788, 2, 0, 6, 1),
(1098, 789, 2, 0, 6, 1),
(1099, 790, 2, 0, 6, 1),
(1100, 791, 2, 0, 6, 1),
(1101, 792, 2, 0, 6, 1),
(1102, 793, 2, 0, 6, 1),
(1103, 794, 2, 0, 6, 1),
(1104, 795, 2, 0, 6, 1),
(1105, 796, 2, 0, 6, 1),
(1106, 797, 2, 0, 6, 1),
(1107, 798, 2, 0, 6, 1),
(1108, 799, 2, 0, 6, 1),
(1109, 800, 2, 0, 6, 1),
(1110, 801, 2, 0, 6, 1),
(1111, 802, 2, 0, 6, 1),
(1112, 803, 2, 0, 6, 1),
(1113, 804, 2, 0, 6, 1),
(1114, 805, 2, 0, 6, 1),
(1115, 806, 2, 0, 6, 1),
(1116, 807, 2, 0, 6, 1),
(1117, 808, 2, 0, 6, 1),
(1118, 809, 2, 0, 6, 1),
(1119, 810, 2, 0, 6, 1),
(1120, 811, 2, 0, 6, 1),
(1121, 812, 2, 0, 6, 1),
(1122, 813, 2, 0, 6, 1),
(1123, 814, 2, 0, 6, 1),
(1124, 815, 2, 0, 6, 1),
(1125, 816, 2, 0, 6, 1),
(1126, 817, 2, 0, 6, 1),
(1127, 818, 2, 0, 6, 1),
(1128, 819, 2, 0, 6, 1),
(1129, 820, 2, 0, 6, 1),
(1130, 821, 2, 0, 6, 1),
(1131, 822, 2, 0, 6, 1),
(1132, 823, 2, 0, 6, 1),
(1133, 824, 2, 0, 6, 1),
(1134, 825, 2, 0, 6, 1),
(1135, 826, 2, 0, 6, 1),
(1136, 827, 2, 0, 6, 1),
(1137, 828, 2, 0, 6, 1),
(1138, 829, 2, 0, 6, 1),
(1139, 830, 2, 0, 6, 1),
(1140, 831, 2, 0, 6, 1),
(1141, 832, 2, 0, 6, 1),
(1142, 833, 2, 0, 6, 1),
(1143, 834, 2, 0, 6, 1),
(1144, 835, 2, 0, 6, 1),
(1145, 836, 2, 0, 6, 1),
(1146, 837, 2, 0, 6, 1),
(1147, 838, 2, 0, 6, 1),
(1148, 839, 2, 0, 6, 1),
(1149, 840, 2, 0, 6, 1),
(1150, 841, 2, 0, 6, 1),
(1151, 842, 2, 0, 6, 1),
(1152, 843, 2, 0, 6, 1),
(1153, 844, 2, 0, 6, 1),
(1154, 845, 2, 0, 6, 1),
(1155, 846, 2, 0, 6, 1),
(1156, 847, 2, 0, 6, 1),
(1157, 848, 2, 0, 6, 1),
(1158, 849, 2, 0, 6, 1),
(1159, 850, 2, 0, 6, 1),
(1160, 851, 2, 0, 6, 1),
(1161, 852, 2, 0, 6, 1),
(1162, 853, 2, 0, 6, 1),
(1163, 854, 2, 0, 6, 1),
(1164, 855, 2, 0, 6, 1),
(1165, 856, 2, 0, 6, 1),
(1166, 857, 2, 0, 6, 1),
(1167, 858, 2, 0, 6, 1),
(1168, 859, 2, 0, 6, 1),
(1169, 860, 2, 0, 6, 1),
(1170, 861, 2, 0, 6, 1),
(1171, 862, 2, 0, 6, 1),
(1172, 863, 2, 0, 6, 1),
(1173, 864, 2, 0, 6, 1),
(1174, 865, 2, 0, 6, 1),
(1175, 866, 2, 0, 6, 1),
(1176, 867, 2, 0, 6, 1),
(1177, 868, 2, 0, 6, 1),
(1178, 869, 2, 0, 6, 1),
(1179, 870, 2, 0, 6, 1),
(1180, 871, 2, 0, 6, 1),
(1181, 872, 2, 0, 6, 1),
(1182, 873, 2, 0, 6, 1),
(1183, 874, 2, 0, 6, 1),
(1184, 875, 2, 0, 6, 1),
(1185, 876, 2, 0, 6, 1),
(1186, 877, 2, 0, 6, 1),
(1187, 878, 2, 0, 6, 1),
(1188, 879, 2, 0, 6, 1),
(1189, 880, 2, 0, 6, 1),
(1190, 881, 2, 0, 6, 1),
(1191, 882, 2, 0, 6, 1),
(1192, 883, 2, 0, 6, 1),
(1193, 884, 2, 0, 6, 1),
(1194, 885, 2, 0, 6, 1),
(1195, 886, 2, 0, 6, 1),
(1196, 887, 2, 0, 6, 1),
(1197, 888, 2, 0, 6, 1),
(1198, 889, 2, 0, 6, 1),
(1199, 890, 2, 0, 6, 1),
(1200, 891, 2, 0, 6, 1),
(1201, 892, 2, 0, 6, 1),
(1202, 893, 2, 0, 6, 1),
(1203, 894, 2, 0, 6, 1),
(1204, 895, 2, 0, 6, 1),
(1205, 896, 2, 0, 6, 1),
(1206, 897, 2, 0, 6, 1),
(1207, 898, 2, 0, 6, 1),
(1208, 899, 2, 0, 6, 1),
(1209, 900, 2, 0, 6, 1),
(1210, 901, 2, 0, 6, 1),
(1211, 902, 2, 0, 6, 1),
(1212, 903, 2, 0, 6, 1),
(1213, 904, 2, 0, 6, 1),
(1214, 905, 2, 0, 6, 1),
(1215, 906, 2, 0, 6, 1),
(1216, 907, 2, 0, 6, 1),
(1217, 908, 2, 0, 6, 1),
(1218, 909, 2, 0, 6, 1),
(1219, 910, 2, 0, 6, 1),
(1220, 911, 2, 0, 6, 1),
(1221, 912, 2, 0, 6, 1),
(1222, 913, 2, 0, 6, 1),
(1223, 914, 2, 0, 6, 1),
(1224, 915, 2, 0, 6, 1),
(1225, 916, 2, 0, 6, 1),
(1226, 917, 2, 0, 6, 1),
(1227, 918, 2, 0, 6, 1),
(1228, 919, 2, 0, 6, 1),
(1229, 920, 2, 0, 6, 1),
(1230, 921, 2, 0, 6, 1),
(1231, 922, 2, 0, 6, 1),
(1232, 923, 2, 0, 6, 1),
(1233, 924, 2, 0, 6, 1),
(1234, 925, 2, 0, 6, 1),
(1235, 926, 2, 0, 6, 1),
(1236, 927, 2, 0, 6, 1),
(1237, 928, 2, 0, 6, 1),
(1238, 929, 2, 0, 6, 1),
(1239, 930, 2, 0, 6, 1),
(1240, 931, 2, 0, 6, 1),
(1241, 932, 2, 0, 6, 1),
(1242, 933, 2, 0, 6, 1),
(1243, 934, 2, 0, 6, 1),
(1244, 935, 2, 0, 6, 1),
(1245, 936, 2, 0, 6, 1),
(1246, 937, 2, 0, 6, 1),
(1247, 938, 2, 0, 6, 1),
(1248, 939, 2, 0, 6, 1),
(1249, 940, 2, 0, 6, 1),
(1250, 941, 2, 0, 6, 1),
(1251, 942, 2, 0, 6, 1),
(1252, 943, 2, 0, 6, 1),
(1253, 944, 2, 0, 6, 1),
(1254, 945, 2, 0, 6, 1),
(1255, 946, 2, 0, 6, 1),
(1256, 947, 2, 0, 6, 1),
(1257, 948, 2, 0, 6, 1),
(1258, 949, 2, 0, 6, 1),
(1259, 950, 2, 0, 6, 1),
(1260, 951, 2, 0, 6, 1),
(1261, 952, 2, 0, 6, 1),
(1262, 953, 2, 0, 6, 1),
(1263, 954, 2, 0, 6, 1),
(1264, 955, 2, 0, 6, 1),
(1265, 956, 2, 0, 6, 1),
(1266, 957, 2, 0, 6, 1),
(1267, 958, 2, 0, 6, 1),
(1268, 959, 2, 0, 6, 1),
(1269, 960, 2, 0, 6, 1),
(1270, 961, 2, 0, 6, 1),
(1271, 962, 2, 0, 6, 1),
(1272, 963, 2, 0, 6, 1),
(1273, 964, 2, 0, 6, 1),
(1274, 965, 2, 0, 6, 1),
(1275, 966, 2, 0, 6, 1),
(1276, 967, 2, 0, 6, 1),
(1277, 968, 2, 0, 6, 1),
(1278, 969, 2, 0, 6, 1),
(1279, 970, 2, 0, 6, 1),
(1280, 971, 2, 0, 6, 1),
(1281, 972, 2, 0, 6, 1),
(1282, 973, 2, 0, 6, 1),
(1283, 974, 2, 0, 6, 1),
(1284, 975, 2, 0, 6, 1),
(1285, 976, 2, 0, 6, 1),
(1286, 977, 2, 0, 6, 1),
(1287, 978, 2, 0, 6, 1),
(1288, 979, 2, 0, 6, 1),
(1289, 980, 2, 0, 6, 1),
(1290, 981, 2, 0, 6, 1),
(1291, 982, 2, 0, 6, 1),
(1292, 983, 2, 0, 6, 1),
(1293, 984, 2, 0, 6, 1),
(1294, 985, 2, 0, 6, 1),
(1295, 986, 2, 0, 6, 1),
(1296, 987, 2, 0, 6, 1),
(1297, 988, 2, 0, 6, 1),
(1298, 989, 2, 0, 6, 1),
(1299, 990, 2, 0, 6, 1),
(1300, 991, 2, 0, 6, 1),
(1301, 992, 2, 0, 6, 1),
(1302, 993, 2, 0, 6, 1),
(1303, 994, 2, 0, 6, 1),
(1304, 995, 2, 0, 6, 1),
(1305, 996, 2, 0, 6, 1),
(1306, 997, 2, 0, 6, 1),
(1307, 998, 2, 0, 6, 1),
(1308, 999, 2, 0, 6, 1),
(1309, 1000, 2, 0, 6, 1);

-- --------------------------------------------------------

--
-- Table structure for table `trimester`
--

DROP TABLE IF EXISTS `trimester`;
CREATE TABLE IF NOT EXISTS `trimester` (
  `id` int(255) NOT NULL AUTO_INCREMENT,
  `name` varchar(50) NOT NULL,
  `year` int(4) NOT NULL,
  PRIMARY KEY (`id`),
  UNIQUE KEY `gsc` (`name`,`year`)
) ENGINE=InnoDB  DEFAULT CHARSET=latin1 AUTO_INCREMENT=4 ;

--
-- Truncate table before insert `trimester`
--

TRUNCATE TABLE `trimester`;
--
-- Dumping data for table `trimester`
--

INSERT INTO `trimester` (`id`, `name`, `year`) VALUES
(1, 'April ~ July 2014', 2014),
(3, 'Jan ~ April 2015', 2015),
(2, 'Sep ~ Dec 2014', 2014);

/*!40101 SET CHARACTER_SET_CLIENT=@OLD_CHARACTER_SET_CLIENT */;
/*!40101 SET CHARACTER_SET_RESULTS=@OLD_CHARACTER_SET_RESULTS */;
/*!40101 SET COLLATION_CONNECTION=@OLD_COLLATION_CONNECTION */;
